HSN code,Received Qty,mrp,Batch No,Mfg date,GST Perc,Supplier Name,Item name,Hindi_Name,EXPDATE,Inv date,Item Net Amount,cgstrate,sgstrate,igstrate,Inv No,Supplier GST
30049011,1,210,PGD2500073,05-03-2025,12,KANHA JI DISTRIBUTORS,ALOEVERA JUICE 1 L (FIBRE),एलोवेरा रस (फाइबर युक्त) 1 लीटर,30-11-2025,03-04-2025,1768.77,6,6,0,TI26AAA2526,05AAECK5765H1ZE
30049011,1,90,PFY2500003,07-03-2025,12,KANHA JI DISTRIBUTORS,GILOY JUICE 500 ML,गिलोय रस 500 मि.ली.,07-03-2026,03-04-2025,861.37,6,6,0,TI26AAA2526,05AAECK5765H1ZE
4059020,1,675,FAWC250088,17-03-2025,12,KANHA JI DISTRIBUTORS,COWS GHEE 1 L - T,गाय का घी 1 लीटर,12-12-2025,03-04-2025,9329.21,6,6,0,TI26AAA2526,05AAECK5765H1ZE
15155091,1,280,JACQ250023,24-02-2025,5,KANHA JI DISTRIBUTORS,SESAME OIL 1 L (B)-T,तिल का तेल 1 लीटर,21-11-2025,03-04-2025,2722.81,2.5,2.5,0,TI26AAA2526,05AAECK5765H1ZE
30049011,6,300,ABLW250004,14-01-2025,12,KANHA JI DISTRIBUTORS,BALM FAST RELIEF 25G DISPN.T.O(5+1)FREE,बाम फास्ट रिलीफ 25 ग्राम (डिस्पेंसर ट्रेड ऑफर 5+1 मुफ्त),14-01-2028,03-04-2025,1435.66,6,6,0,TI26AAA2526,05AAECK5765H1ZE
33051090,12,120,ABTZ250002,26-02-2025,18,KANHA JI DISTRIBUTORS,KESH K. REETHA HAIR CLEANSER 180ML T.O.,केश कान्ति रीठा हेयर क्लींज़र 180 मि.ली. (ट्रेड ऑफर),26-02-2027,03-04-2025,1124.59,9,9,0,TI26AAA2526,05AAECK5765H1ZE
33059019,12,100,ABHX250001,27-01-2025,18,KANHA JI DISTRIBUTORS,KESH KANTI ADV.H.HAIR EXPERTOIL-30ML T.O,केश कान्ति एडवांस हेयर एक्सपर्ट ऑयल 30 मि.ली. (ट्रेड ऑफर),27-01-2027,03-04-2025,839.69,9,9,0,TI26AAA2526,05AAECK5765H1ZE
33059019,12,400,AATV250002,24-02-2025,18,KANHA JI DISTRIBUTORS,KESH KANTI ADVANCE H.HAIR EXPERTOIL100ML,केश कान्ति एडवांस हेयर एक्सपर्ट ऑयल 100 मि.ली.,14-02-2027,03-04-2025,3477.13,9,9,0,TI26AAA2526,05AAECK5765H1ZE
33049910,24,150,AAR2500001,09-01-2025,18,KANHA JI DISTRIBUTORS,ANTI WRINKLE CREAM 50 G,एंटी रिंकल क्रीम 50 ग्राम,09-01-2027,03-04-2025,2811.33,9,9,0,TI26AAA2526,05AAECK5765H1ZE
33049910,24,45,AJG2400006,20-12-2024,18,KANHA JI DISTRIBUTORS,BOROSAFE ANTISEPTIC 50 GM CREAM,बोरोज़सेफ एंटीसेप्टिक क्रीम 50 ग्राम,10-12-2026,03-04-2025,880.19,9,9,0,TI26AAA2526,05AAECK5765H1ZE
30049011,20,85,BSSP250010,15-01-2025,12,KANHA JI DISTRIBUTORS,DIVYA SWASARI PRAVAHI - 250 ML - T,दिव्य स्वासारी प्रवाही 250 मि.ली.,31-12-2027,03-04-2025,1345.79,6,6,0,TI26AAA2526,05AAECK5765H1ZE
33059019,24,60,AAVR240003,22-02-2025,18,KANHA JI DISTRIBUTORS,KESH KANTI SARSON AMLA HAIR OIL 175 ML,केश कान्ति सरसों-आंवला हेयर ऑयल 175 मि.ली.,12-02-2027,03-04-2025,1280.06,9,9,0,TI26AAA2526,05AAECK5765H1ZE
33059019,24,130,ABQQ250003,26-02-2025,18,KANHA JI DISTRIBUTORS,KESH KANTI ALMOND HAIR OIL-200 ML,केश कान्ति बादाम हेयर ऑयल 200 मि.ली.,26-02-2027,03-04-2025,2489.33,9,9,0,TI26AAA2526,05AAECK5765H1ZE
30049011,1,100,ABC2500004,06-02-2025,12,KANHA JI DISTRIBUTORS,LOHASAV 450 ML,लोहासव 450 मि.ली.,16-12-2034,26-03-2025,1666.56,6,6,0,TI6786AAA2425,05AAECK5765H1ZE
11010000,1,225,PDBKQ25004,07-02-2025,5,KANHA JI DISTRIBUTORS,TRADITIONAL WHOLE WHEAT ATTA 5 KG(UK),पारंपरिक गेहूं का आटा 5 किग्रा (यूके),07-06-2025,26-03-2025,1614.48,2.5,2.5,0,TI6786AAA2425,05AAECK5765H1ZE
11010000,1,480,PDV4250011,19-03-2025,5,KANHA JI DISTRIBUTORS,TRADITIONAL WHOLE WHEAT ATTA 10 KG,पारंपरिक गेहूं का आटा 10 किग्रा,17-07-2025,26-03-2025,2152.61,2.5,2.5,0,TI6786AAA2425,05AAECK5765H1ZE
30049011,1,145,AJN250005,25-01-2025,5,KANHA JI DISTRIBUTORS,DIVYA ARJUNARISHTA - 450ML,दिव्य अर्जुनारिष्ट 450 मि.ली.,04-12-2034,26-03-2025,1885.05,2.5,2.5,0,TI6786AAA2425,05AAECK5765H1ZE
30049011,1,160,DSM250002,20-02-2025,5,KANHA JI DISTRIBUTORS,DIVYA DASHMULARISHTA - 450 ML,दिव्य दशमूलारिष्ट 450 मि.ली.,18-02-2035,26-03-2025,2079.91,2.5,2.5,0,TI6786AAA2425,05AAECK5765H1ZE
9109100,1,65,AFI2500006,19-02-2025,5,KANHA JI DISTRIBUTORS,SABZI MASALA 100 GM (30 pcs),सब्जी मसाला 100 ग्राम (30 नग),19-02-2026,26-03-2025,1331.82,2.5,2.5,0,TI6786AAA2425,05AAECK5765H1ZE
11031900,1,34,PDCS250048,19-02-2025,5,KANHA JI DISTRIBUTORS,DALIA 500 G,दलिया 500 ग्राम,19-06-2025,26-03-2025,870.03,2.5,2.5,0,TI6786AAA2425,05AAECK5765H1ZE
30049011,1,140,AGH2500038,25-02-2025,12,KANHA JI DISTRIBUTORS,AMLA JUICE 1 L,आंवला रस 1 लीटर,25-02-2026,26-03-2025,1179.18,6,6,0,TI6786AAA2425,05AAECK5765H1ZE
30049011,1,150,ABPB250005,11-03-2025,12,KANHA JI DISTRIBUTORS,KARELA JAMUN 50-50 JUICE - 500 ML,करेला-जामुन 50-50 रस 500 मि.ली.,11-03-2026,26-03-2025,1435.66,6,6,0,TI6786AAA2425,05AAECK5765H1ZE
15159040,1,165,ORE2500019,18-03-2025,5,KANHA JI DISTRIBUTORS,RICE BRAN OIL 1 LTR (P),चावल की भूसी का तेल 1 लीटर,13-12-2025,26-03-2025,1793.99,2.5,2.5,0,TI6786AAA2425,05AAECK5765H1ZE
15121910,1,175,BR2A250007,28-02-2025,5,KANHA JI DISTRIBUTORS,FORTIFIED SUNFLOWER OIL 1 LTR (P) - T,फोर्टिफाइड सूरजमुखी तेल 1 लीटर,25-11-2025,26-03-2025,1885.09,2.5,2.5,0,TI6786AAA2425,05AAECK5765H1ZE
19030000,1,70,AALX250012,13-03-2025,5,KANHA JI DISTRIBUTORS,SABUDANA 500 GM,साबूदाना 500 ग्राम,09-09-2025,26-03-2025,1194.27,2.5,2.5,0,TI6786AAA2425,05AAECK5765H1ZE
19041020,1,85,BPRP250012,14-02-2025,5,KANHA JI DISTRIBUTORS,POHA 1 KG -T,पोहा 1 किग्रा,13-08-2025,26-03-2025,1485.96,2.5,2.5,0,TI6786AAA2425,05AAECK5765H1ZE
30049011,10,80,AGKK250007,20-02-2025,12,KANHA JI DISTRIBUTORS,DIVYA GOKHRU KWATH 100 GM (JAR)-T,दिव्य गोखरू क्वाथ 100 ग्राम (जार),10-02-2027,26-03-2025,666.62,6,6,0,TI6786AAA2425,05AAECK5765H1ZE
30049011,20,100,AASP250005,27-01-2025,12,KANHA JI DISTRIBUTORS,ASHVASHILA -11 GM (STRIP),अश्वशिला स्ट्रिप 11 ग्राम,17-01-2027,26-03-2025,1435.68,6,6,0,TI6786AAA2425,05AAECK5765H1ZE
30049011,20,90,AASZ250005,15-01-2025,12,KANHA JI DISTRIBUTORS,ASHVAGANDHA -11 GM (STRIP),अश्वगंधा स्ट्रिप 11 ग्राम,05-01-2027,26-03-2025,1292.09,6,6,0,TI6786AAA2425,05AAECK5765H1ZE
30049011,25,105,AAGC250007,31-01-2025,5,KANHA JI DISTRIBUTORS,DIVYA ASHWAGANDHA CHURNA - 100 GM,दिव्य अश्वगंधा चूर्ण 100 ग्राम,21-01-2027,26-03-2025,2143.84,2.5,2.5,0,TI6786AAA2425,05AAECK5765H1ZE
11010000,1,180,AHV2500009,11-03-2025,5,KANHA JI DISTRIBUTORS,NAVRATNA ATTA 2 KG,नवरत्न आटा 2 किग्रा,07-09-2025,16-04-2025,3132.09,2.5,2.5,0,TI284AAA2526,05AAECK5765H1ZE
11010000,1,250,PDV5250017,13-03-2025,5,KANHA JI DISTRIBUTORS,TRADITIONAL WHOLE WHEAT ATTA 5 KG,पारंपरिक गेहूं का आटा 5 किग्रा,11-07-2025,16-04-2025,1740.01,2.5,2.5,0,TI284AAA2526,05AAECK5765H1ZE
11010000,1,480,PDV4250014,22-03-2025,5,KANHA JI DISTRIBUTORS,TRADITIONAL WHOLE WHEAT ATTA 10 KG,पारंपरिक गेहूं का आटा 10 किग्रा,20-07-2025,16-04-2025,2088.03,2.5,2.5,0,TI284AAA2526,05AAECK5765H1ZE
15149920,2,175,N2B2500023,10-03-2025,5,KANHA JI DISTRIBUTORS,MUSTARD OIL 1 L (P)-T,सरसों का तेल 1 लीटर,05-03-2026,16-04-2025,3805.45,2.5,2.5,0,TI284AAA2526,05AAECK5765H1ZE
30049011,1,210,PGD2500086,12-03-2025,12,KANHA JI DISTRIBUTORS,ALOEVERA JUICE 1 L (FIBRE),एलोवेरा रस (फाइबर युक्त) 1 लीटर,07-12-2025,16-04-2025,1768.77,6,6,0,TI284AAA2526,05AAECK5765H1ZE
34011990,2,72,AAXW250018,16-03-2025,18,KANHA JI DISTRIBUTORS,SUPER DISHWASH BAR-225 G B3G1 FREE,सुपर डिशवॉश बार 225 ग्राम (खरीदो 3 पाओ 1 मुफ्त),15-03-2028,16-04-2025,1346.9,9,9,0,TI284AAA2526,05AAECK5765H1ZE
20079990,1,70,B1O2500002,18-02-2025,12,KANHA JI DISTRIBUTORS,ALOEVERA MIXED FRUIT JAM 500 G,एलोवेरा मिक्स्ड फ्रूट जैम 500 ग्राम,18-02-2026,16-04-2025,693.1,6,6,0,TI284AAA2526,05AAECK5765H1ZE
30049011,25,20,BGDR240001,10-04-2024,5,KANHA JI DISTRIBUTORS,DIVYA GANDHAK RASAYAN 50 G-T,दिव्य गंधक रसायन 50 ग्राम,10-04-2026,16-04-2025,416.59,2.5,2.5,0,TI285AAA2526,05AAECK5765H1ZE
30049011,20,60,BAVV250002,29-01-2025,5,KANHA JI DISTRIBUTORS,Arogyavardhani Vati 80 Tab,आरोग्यवर्धिनी वटी 80 टैबलेट,03-01-2030,16-04-2025,1000.02,2.5,2.5,0,TI285AAA2526,05AAECK5765H1ZE
30049011,25,70,APNC240005,10-12-2024,5,KANHA JI DISTRIBUTORS,Pushyanug Churna 100 Gm,पुष्यानुग चूर्ण 100 ग्राम,30-11-2026,16-04-2025,1458.45,2.5,2.5,0,TI285AAA2526,05AAECK5765H1ZE
30049011,20,40,BYRG250001,05-01-2025,5,KANHA JI DISTRIBUTORS,Yograj Guggul 40 Tab,योगराज गुग्गुल 40 टैबलेट,10-12-2029,16-04-2025,666.75,2.5,2.5,0,TI285AAA2526,05AAECK5765H1ZE
30049011,20,120,BKJV250002,31-01-2025,5,KANHA JI DISTRIBUTORS,DIVYA KUTAJGHAN VATI 80 N (500 MG) - T,दिव्य कुटजघन वटी 80 नग (500 मि.ग्रा.),16-01-2028,16-04-2025,2000.04,2.5,2.5,0,TI285AAA2526,05AAECK5765H1ZE
21061000,20,55,SCP250003,15-03-2025,12,KANHA JI DISTRIBUTORS,SOYA CHUNKS 220 GM - T,सोया चंक्स 220 ग्राम,10-03-2026,16-04-2025,907.8,6,6,0,TI285AAA2526,05AAECK5765H1ZE
20019000,4,320,AAYC250018,26-03-2025,12,KANHA JI DISTRIBUTORS,DATES (KHAJUR) 500 GM,खजूर 500 ग्राम,22-09-2025,16-04-2025,1145,6,6,0,TI285AAA2526,05AAECK5765H1ZE
30049011,20,55,BPTV240050,30-10-2024,12,KANHA JI DISTRIBUTORS,Divya Peedantak Vati 40 Tab,दिव्य पीड़ान्तक वटी 40 टैबलेट,04-10-2029,23-04-2025,916.61,6,6,0,TI458AAA2526,05AAECK5765H1ZE
30049011,10,130,BSHS250003,28-02-2025,5,KANHA JI DISTRIBUTORS,DIVYA SHILAJEET SAT - 20 G,दिव्य शिलाजीत सत 20 ग्राम,02-02-2030,23-04-2025,1083.29,2.5,2.5,0,TI458AAA2526,05AAECK5765H1ZE
30049011,10,40,BANT250003,31-01-2025,5,KANHA JI DISTRIBUTORS,DIVYA ANU TAILA 20 ML (120 PCS) -T,दिव्य अनुतैल 20 मि.ली. (120 नग),16-01-2028,23-04-2025,299.99,2.5,2.5,0,TI458AAA2526,05AAECK5765H1ZE
30049011,25,15,BTKB240023,31-12-2024,5,KANHA JI DISTRIBUTORS,Tankan Bhasma 5 Gm,टंकण भस्म 5 ग्राम,09-11-2034,23-04-2025,312.38,2.5,2.5,0,TI458AAA2526,05AAECK5765H1ZE
30049011,20,100,AMSV250003,10-02-2025,12,KANHA JI DISTRIBUTORS,DIVYA MAHASUDARSHAN GHANVATI PLUS 60 TAB,दिव्य महासुदर्शन घनवटी प्लस 60 टैबलेट,26-01-2028,23-04-2025,1666.56,6,6,0,TI458AAA2526,05AAECK5765H1ZE
30049011,25,100,AMHV250010,01-03-2025,12,KANHA JI DISTRIBUTORS,DIVYA MEDOHAR VATI -100 TAB,दिव्य मेदोहर वटी 100 टैबलेट,03-02-2030,23-04-2025,2083.2,6,6,0,TI458AAA2526,05AAECK5765H1ZE
30049011,20,300,BMDT250015,06-03-2025,12,KANHA JI DISTRIBUTORS,DIVYA MADHUGRIT 60 N - T,दिव्य मधुग्रिट 60 नग,19-02-2028,23-04-2025,4599.9,6,6,0,TI458AAA2526,05AAECK5765H1ZE
30049011,20,250,ADBP250007,08-03-2025,12,KANHA JI DISTRIBUTORS,DIVYA BPGRIT 60 N - T,दिव्य बीपीग्रिट 60 नग,21-02-2028,23-04-2025,3833.29,6,6,0,TI458AAA2526,05AAECK5765H1ZE
33059090,20,35,ACDD250011,01-03-2025,18,KANHA JI DISTRIBUTORS,K.K. COLOR DARK BROWN (CREAM & DEV)-T,के.के. कलर गाढ़ा भूरा (क्रीम एवं डेवलपर),24-02-2026,23-04-2025,556.96,9,9,0,TI458AAA2526,05AAECK5765H1ZE
30049011,20,45,ADYD250005,31-01-2025,12,KANHA JI DISTRIBUTORS,DIVYA DHARA 10 ML (800 PC),दिव्य धारा 10 मि.ली. (800 नग),16-01-2028,23-04-2025,689.95,6,6,0,TI458AAA2526,05AAECK5765H1ZE
30049011,20,40,BTPG240059,10-12-2024,5,KANHA JI DISTRIBUTORS,Triphala Guggul 40 Tab,त्रिफला गुग्गुल 40 टैबलेट,14-11-2029,23-04-2025,666.75,2.5,2.5,0,TI458AAA2526,05AAECK5765H1ZE
30049011,20,35,BKSG240034,31-12-2024,5,KANHA JI DISTRIBUTORS,Kaishore Guggul 40 Tab,कैशोर गुग्गुल 40 टैबलेट,05-12-2029,23-04-2025,583.38,2.5,2.5,0,TI458AAA2526,05AAECK5765H1ZE
30049011,20,240,ALAT250014,28-02-2025,12,KANHA JI DISTRIBUTORS,DIVYA LIVAMRIT ADVANCE 60 N - T,दिव्य लिवामृत एडवांस 60 नग,13-02-2028,23-04-2025,3679.97,6,6,0,TI458AAA2526,05AAECK5765H1ZE
30049011,25,105,BGHC250011,01-03-2025,12,KANHA JI DISTRIBUTORS,GASHER CHURAN - 100 GM - T,गैशर चूर्ण 100 ग्राम,19-02-2027,23-04-2025,2012.36,6,6,0,TI458AAA2526,05AAECK5765H1ZE
30049011,25,85,BDPN250010,31-01-2025,12,KANHA JI DISTRIBUTORS,DIVYA PEEDANIL TAILA 100 ML-T,दिव्य पीड़ानिल तैल 100 मि.ली.,16-01-2028,23-04-2025,1629.05,6,6,0,TI458AAA2526,05AAECK5765H1ZE
30049011,20,360,AOTT250013,15-02-2025,12,KANHA JI DISTRIBUTORS,DIVYA ORTHOGRIT 60 N - T,दिव्य ऑर्थोग्रिट 60 नग,31-01-2028,23-04-2025,5400,6,6,0,TI458AAA2526,05AAECK5765H1ZE
21069099,4,300,ABRY250002,12-02-2025,18,KANHA JI DISTRIBUTORS,PAT.NUT.VIT.B-COMPLEX-30 CAP,न्यूट्रेला विटामिन बी-कॉम्प्लेक्स 30 कैप्सूल,12-02-2027,23-04-2025,776.72,9,9,0,TI458AAA2526,05AAECK5765H1ZE
9109100,100,10,ABKW250003,06-03-2025,5,KANHA JI DISTRIBUTORS,FENNEL WHOLE 10 GM,सौंफ साबुत 10 ग्राम,06-03-2026,23-04-2025,682.5,2.5,2.5,0,TI458AAA2526,05AAECK5765H1ZE
11031900,1,55,PDCU250016,23-03-2025,5,KANHA JI DISTRIBUTORS,BARLEY DALIA 500 G,जौ का दलिया 500 ग्राम,19-09-2025,23-04-2025,1407.42,2.5,2.5,0,TI459AAA2526,05AAECK5765H1ZE
30049011,1,175,ASG250004,28-02-2025,5,KANHA JI DISTRIBUTORS,DIVYA ASHWAGANDHARISHTA - 450 ML,दिव्य अश्वगंधारिष्ट 450 मि.ली.,07-01-2035,23-04-2025,2333.36,2.5,2.5,0,TI459AAA2526,05AAECK5765H1ZE
38084000,1,330,0111/25-26,07-02-2025,18,KANHA JI DISTRIBUTORS,GONYLE FLOOR CLEANER - 5 LTR,गोनाइल फ्लोर क्लीनर 5 लीटर,02-02-2026,23-04-2025,980.39,9,9,0,TI459AAA2526,05AAECK5765H1ZE
38084000,1,70,0978/25-26,26-03-2025,18,KANHA JI DISTRIBUTORS,GONYLE FLOOR CLEANER - 1 LTR,गोनाइल फ्लोर क्लीनर 1 लीटर,21-03-2026,23-04-2025,623.89,9,9,0,TI459AAA2526,05AAECK5765H1ZE
34011941,1,40,AAWM250004,17-03-2025,18,KANHA JI DISTRIBUTORS,NEEM KANTI BODY CLEANSER-4x45Gx54U,नीम कान्ति बॉडी क्लीन्ज़र 4×45 ग्राम × 54 नग,17-03-2027,23-04-2025,1718.53,9,9,0,TI459AAA2526,05AAECK5765H1ZE
4021090,1,235,BLB2500003,02-03-2025,5,KANHA JI DISTRIBUTORS,COWS WHOLE MILK POWDER 500-GM,गाय का पूर्ण दूध पाउडर 500 ग्राम,29-08-2025,23-04-2025,4810.93,2.5,2.5,0,TI459AAA2526,05AAECK5765H1ZE
30049011,1,150,ABPB250007,24-03-2025,12,KANHA JI DISTRIBUTORS,KARELA JAMUN 50-50 JUICE - 500 ML,करेला-जामुन 50-50 रस 500 मि.ली.,24-03-2026,23-04-2025,1435.66,6,6,0,TI459AAA2526,05AAECK5765H1ZE
21069011,1,140,AGK2500038,09-04-2025,18,KANHA JI DISTRIBUTORS,GULAB SHARBAT 750 ML,गुलाब शरबत 750 मि.ली.,09-04-2026,23-04-2025,1114.16,9,9,0,TI459AAA2526,05AAECK5765H1ZE
30049011,1,140,AGH2500062,25-03-2025,12,KANHA JI DISTRIBUTORS,AMLA JUICE 1 L,आंवला रस 1 लीटर,25-03-2026,23-04-2025,1179.18,6,6,0,TI459AAA2526,05AAECK5765H1ZE
30049011,1,60,AGDA250013,10-03-2025,12,KANHA JI DISTRIBUTORS,DIVYA GODHAN ARK - 450ML,दिव्य गोधन अर्क 450 मि.ली.,05-03-2026,23-04-2025,919.94,6,6,0,TI459AAA2526,05AAECK5765H1ZE
11041200,1,100,BNO070325,07-03-2025,5,KANHA JI DISTRIBUTORS,OATS 500GM - T,ओट्स 500 ग्राम,07-03-2026,23-04-2025,1693.44,2.5,2.5,0,TI459AAA2526,05AAECK5765H1ZE
30049011,1,45,APTK250002,05-01-2025,12,KANHA JI DISTRIBUTORS,Divya Peedantak Kwath 100 Gm,दिव्य पीड़ान्तक क्वाथ 100 ग्राम,26-12-2026,23-04-2025,1874.88,6,6,0,TI459AAA2526,05AAECK5765H1ZE
15121910,1,175,BR2A250014,21-04-2025,5,KANHA JI DISTRIBUTORS,FORTIFIED SUNFLOWER OIL 1 LTR (P) - T,फोर्टिफाइड सूरजमुखी तेल 1 लीटर,16-01-2026,23-04-2025,1885.09,2.5,2.5,0,TI459AAA2526,05AAECK5765H1ZE
12119029,1,55,ABNZ250006,18-03-2025,5,KANHA JI DISTRIBUTORS,SHIKAKAI POWDER 100 G,शिकाकाई पाउडर 100 ग्राम,18-03-2027,23-04-2025,1099.98,2.5,2.5,0,TI459AAA2526,05AAECK5765H1ZE
11010000,1,250,PDV5250017,13-03-2025,5,KANHA JI DISTRIBUTORS,TRADITIONAL WHOLE WHEAT ATTA 5 KG,पारंपरिक गेहूं का आटा 5 किग्रा,11-07-2025,23-04-2025,1757.94,2.5,2.5,0,TI459AAA2526,05AAECK5765H1ZE
10063020,1,140,E7E2500001,09-01-2025,5,KANHA JI DISTRIBUTORS,BROWN BASMATI RICE POUCH 1 KG,भूरा बासमती चावल पाउच 1 किग्रा,30-12-2026,08-05-2025,1966.86,2.5,2.5,0,TI724AAA2526,05AAECK5765H1ZE
33051090,1,120,AAWT250004,03-04-2025,18,KANHA JI DISTRIBUTORS,KESH KANTI ADV. H.H. EXPERT SHAMPO-100ML,केश कान्ति एडवांस हेयर एक्सपर्ट शैम्पू 100 मि.ली.,03-04-2027,08-05-2025,3116.76,9,9,0,TI724AAA2526,05AAECK5765H1ZE
15089091,1,185,ORQ2500017,13-04-2025,5,KANHA JI DISTRIBUTORS,GROUNDNUT OIL 1 LTR (P),मूंगफली का तेल 1 लीटर,08-01-2026,08-05-2025,2011.46,2.5,2.5,0,TI724AAA2526,05AAECK5765H1ZE
4059020,1,700,FAWC250117,24-04-2025,12,KANHA JI DISTRIBUTORS,COWS GHEE 1 L - T,गाय का घी 1 लीटर,19-01-2026,08-05-2025,9674.78,6,6,0,TI724AAA2526,05AAECK5765H1ZE
4059020,1,375,FAWD250024,31-03-2025,12,KANHA JI DISTRIBUTORS,COWS GHEE 500 ML - T,गाय का घी 500 मि.ली.,26-12-2025,08-05-2025,10365.94,6,6,0,TI724AAA2526,05AAECK5765H1ZE
15159040,1,165,ORE2500024,13-04-2025,5,KANHA JI DISTRIBUTORS,RICE BRAN OIL 1 LTR (P),चावल की भूसी का तेल 1 लीटर,08-01-2026,08-05-2025,1793.99,2.5,2.5,0,TI724AAA2526,05AAECK5765H1ZE
15149920,2,175,N2B2500031,14-04-2025,5,KANHA JI DISTRIBUTORS,MUSTARD OIL 1 L (P)-T,सरसों का तेल 1 लीटर,09-04-2026,08-05-2025,3805.45,2.5,2.5,0,TI724AAA2526,05AAECK5765H1ZE
15149920,1,180,N1B2500046,19-04-2025,5,KANHA JI DISTRIBUTORS,MUSTARD OIL 1 L (B)-T,सरसों का तेल 1 लीटर,14-04-2026,08-05-2025,1957.03,2.5,2.5,0,TI724AAA2526,05AAECK5765H1ZE
21032000,1,150,DQU2500009,28-02-2025,12,KANHA JI DISTRIBUTORS,TOMATO KETCHUP W/O ONION GRLC 950GM(P)-T,टमाटर केचप (बिना प्याज व लहसुन) 950 ग्राम,25-11-2025,08-05-2025,1194.68,6,6,0,TI724AAA2526,05AAECK5765H1ZE
25010010,1,60,SRS24/12,01-12-2024,0,KANHA JI DISTRIBUTORS,SENDHA NAMAK 1 KG - T,सेंधा नमक 1 किग्रा,21-11-2026,08-05-2025,1009,0,0,0,TI724AAA2526,05AAECK5765H1ZE
11010000,1,480,PDV4250014,22-03-2025,5,KANHA JI DISTRIBUTORS,TRADITIONAL WHOLE WHEAT ATTA 10 KG,पारंपरिक गेहूं का आटा 10 किग्रा,20-07-2025,08-05-2025,2109.55,2.5,2.5,0,TI724AAA2526,05AAECK5765H1ZE
30049011,1,210,PGD2500136,21-04-2025,12,KANHA JI DISTRIBUTORS,ALOEVERA JUICE 1 L (FIBRE),एलोवेरा रस (फाइबर युक्त) 1 लीटर,16-01-2026,08-05-2025,1768.77,6,6,0,TI724AAA2526,05AAECK5765H1ZE
30049011,1,150,ABPB250009,14-04-2025,12,KANHA JI DISTRIBUTORS,KARELA JAMUN 50-50 JUICE - 500 ML,करेला-जामुन 50-50 रस 500 मि.ली.,14-04-2026,08-05-2025,1435.66,6,6,0,TI724AAA2526,05AAECK5765H1ZE
38084000,1,330,0111/25-26,07-02-2025,18,KANHA JI DISTRIBUTORS,GONYLE FLOOR CLEANER - 5 LTR,गोनाइल फ्लोर क्लीनर 5 लीटर,02-02-2026,08-05-2025,1120.43,9,9,0,TI724AAA2526,05AAECK5765H1ZE
38084000,1,70,0985/25-26,26-03-2025,18,KANHA JI DISTRIBUTORS,GONYLE FLOOR CLEANER - 1 LTR,गोनाइल फ्लोर क्लीनर 1 लीटर,21-03-2026,08-05-2025,712.96,9,9,0,TI724AAA2526,05AAECK5765H1ZE
15121910,1,175,BR2A250014,21-04-2025,5,KANHA JI DISTRIBUTORS,FORTIFIED SUNFLOWER OIL 1 LTR (P) - T,फोर्टिफाइड सूरजमुखी तेल 1 लीटर,16-01-2026,08-05-2025,1885.09,2.5,2.5,0,TI724AAA2526,05AAECK5765H1ZE
30049011,1,90,PFY2500006,21-04-2025,12,KANHA JI DISTRIBUTORS,GILOY JUICE 500 ML,गिलोय रस 500 मि.ली.,21-04-2026,08-05-2025,861.37,6,6,0,TI724AAA2526,05AAECK5765H1ZE
15155091,1,280,JACQ250030,07-04-2025,5,KANHA JI DISTRIBUTORS,SESAME OIL 1 L (B)-T,तिल का तेल 1 लीटर,02-01-2026,08-05-2025,2722.81,2.5,2.5,0,TI724AAA2526,05AAECK5765H1ZE
8112010,1,95,AMV2500018,26-03-2025,5,KANHA JI DISTRIBUTORS,AMLA CHATPATA CANDY 250 G,आंवला चटपटा कैंडी 250 ग्राम,26-03-2026,08-05-2025,1641.13,2.5,2.5,0,TI724AAA2526,05AAECK5765H1ZE
11061090,1,75,PDCR250020,17-03-2025,5,KANHA JI DISTRIBUTORS,BESAN 500 G,बेसन 500 ग्राम,14-08-2025,08-05-2025,1189.22,2.5,2.5,0,TI724AAA2526,05AAECK5765H1ZE
11010000,1,75,PDANA25008,15-04-2025,5,KANHA JI DISTRIBUTORS,SOOJI 1 KG,सूजी 1 किग्रा,13-08-2025,08-05-2025,620.55,2.5,2.5,0,TI724AAA2526,05AAECK5765H1ZE
17011490,1,340,BAIW250014,27-03-2025,5,KANHA JI DISTRIBUTORS,SUGAR 5 KG,चीनी 5 किग्रा,17-03-2027,08-05-2025,1883.51,2.5,2.5,0,TI724AAA2526,05AAECK5765H1ZE
25010010,1,22,CS-24/11,01-11-2024,0,KANHA JI DISTRIBUTORS,IODIZED NAMAK 1 KG (NEW) - T,आयोडीन युक्त नमक 1 किग्रा (नया),22-10-2026,08-05-2025,260,0,0,0,TI724AAA2526,05AAECK5765H1ZE
33051090,1,1,ABAC250028,27-03-2025,18,KANHA JI DISTRIBUTORS,KESHKANTI HAIRCLN.NATURAL RS1 FREE 96 No,केश कान्ति हेयर क्लींज़र नेचुरल ₹1 फ्री (96 नग),27-03-2027,08-05-2025,702.34,9,9,0,TI724AAA2526,05AAECK5765H1ZE
33019011,20,60,ACW2500005,10-03-2025,18,KANHA JI DISTRIBUTORS,BODY UBTAN 100 G,बॉडी उबटन 100 ग्राम,10-03-2026,08-05-2025,1018.58,9,9,0,TI725AAA2526,05AAECK5765H1ZE
30049011,20,200,ADAR250006,06-03-2025,12,KANHA JI DISTRIBUTORS,DIVYA ARSHOGRIT 3 U X 20 N,दिव्य अर्शोग्रिट 3 यूनिट × 20 नग,19-02-2028,08-05-2025,3333.34,6,6,0,TI725AAA2526,05AAECK5765H1ZE
8029000,10,500,AALI250018,21-03-2025,5,KANHA JI DISTRIBUTORS,MAKHANA 250 GM,मखाना 250 ग्राम,15-01-2026,08-05-2025,4484.66,2.5,2.5,0,TI725AAA2526,05AAECK5765H1ZE
8062010,6,115,AARY250004,13-03-2025,5,KANHA JI DISTRIBUTORS,RAISINS BLACK 250 GM (MONO),काली किशमिश 250 ग्राम,09-09-2025,08-05-2025,618.91,2.5,2.5,0,TI725AAA2526,05AAECK5765H1ZE
8021200,2,810,ABOH250002,15-04-2025,12,KANHA JI DISTRIBUTORS,MAMRA ALMOND PREMIUM 250 GM,ममरा बादाम प्रीमियम 250 ग्राम,12-10-2025,08-05-2025,1472.73,6,6,0,TI725AAA2526,05AAECK5765H1ZE
33051090,12,180,A2G2500006,04-04-2025,18,KANHA JI DISTRIBUTORS,KESH KANTI HAIR CLEANSER NATURAL 450 ML,केश कान्ति हेयर क्लींज़र नेचुरल 450 मि.ली.,25-03-2027,08-05-2025,1686.74,9,9,0,TI725AAA2526,05AAECK5765H1ZE
33049940,12,75,AATZ240005,20-09-2024,0,KANHA JI DISTRIBUTORS,HERBAL SUHAG TEEKA RED,हर्बल सुहाग टीका लाल,10-09-2026,08-05-2025,769.2,0,0,0,TI725AAA2526,05AAECK5765H1ZE
33051090,18,120,ABTZ250006,20-03-2025,18,KANHA JI DISTRIBUTORS,KESH K. REETHA HAIR CLEANSER 180ML T.O.,केश कान्ति रीठा हेयर क्लींज़र 180 मि.ली. (ट्रेड ऑफर),20-03-2027,08-05-2025,1686.88,9,9,0,TI725AAA2526,05AAECK5765H1ZE
33051090,12,200,A9F2500006,15-04-2025,18,KANHA JI DISTRIBUTORS,KESH KANTI HAIR CLEANSER ALOEVERA 450ML,केश कान्ति हेयर क्लींज़र एलोवेरा 450 मि.ली.,05-04-2027,08-05-2025,1874.22,9,9,0,TI725AAA2526,05AAECK5765H1ZE
30049011,20,55,BPNM250014,25-03-2025,5,KANHA JI DISTRIBUTORS,DIVYA PUNARNAVADI MANDOOR - 60 TAB,दिव्य पुनर्नवादि मांडूर 60 टैबलेट,25-02-2035,08-05-2025,916.65,2.5,2.5,0,TI725AAA2526,05AAECK5765H1ZE
30049011,20,35,BTDG240040,30-11-2024,5,KANHA JI DISTRIBUTORS,Triyodashang Guggul 40 Tab,त्रयोदशांग गुग्गुल 40 टैबलेट,04-11-2029,08-05-2025,583.38,2.5,2.5,0,TI725AAA2526,05AAECK5765H1ZE
30049011,10,500,AUTI240001,02-07-2024,12,KANHA JI DISTRIBUTORS,DIVYA UTINIL TABLET 3U X 10N -T,दिव्य यूटिनिल टैबलेट 3 यूनिट × 10 नग,17-06-2027,08-05-2025,4166.62,6,6,0,TI725AAA2526,05AAECK5765H1ZE
17049030,6,150,DMC250001,02-01-2025,12,KANHA JI DISTRIBUTORS,MINT CANDY MENTHOL - T,मिंट कैंडी मेंथॉल,28-12-2025,08-05-2025,674.76,6,6,0,TI725AAA2526,05AAECK5765H1ZE
30049011,25,55,BMLC250016,09-03-2025,5,KANHA JI DISTRIBUTORS,DIVYA MULETHI CHURNA 100 GM -T,दिव्य मुलेठी चूर्ण 100 ग्राम,27-02-2027,08-05-2025,1145.81,2.5,2.5,0,TI725AAA2526,05AAECK5765H1ZE
13019013,24,120,CASY250002,10-02-2025,5,KANHA JI DISTRIBUTORS,BANDHANI HING 50 GM (NEW) - T,बंधनी हींग 50 ग्राम (नया),04-08-2026,08-05-2025,2100.67,2.5,2.5,0,TI725AAA2526,05AAECK5765H1ZE
33049910,4,250,ACCF250006,14-04-2025,18,KANHA JI DISTRIBUTORS,SAUNDARYA ALOEVERA GEL 60ML T.O. (5+1),सौंदर्य एलोवेरा जेल 60 मि.ली. (ट्रेड ऑफर 5+1),13-10-2026,08-05-2025,848.84,9,9,0,TI725AAA2526,05AAECK5765H1ZE
8112010,12,90,ABLX250021,06-03-2025,5,KANHA JI DISTRIBUTORS,AMLA CANDY 250 G,आंवला कैंडी 250 ग्राम,06-03-2026,08-05-2025,777.36,2.5,2.5,0,TI725AAA2526,05AAECK5765H1ZE
30049011,20,275,BLGT250011,28-02-2025,12,KANHA JI DISTRIBUTORS,DIVYA LIVOGRIT 60 N - T,दिव्य लिवोग्रिट 60 नग,13-02-2028,08-05-2025,4124.98,6,6,0,TI725AAA2526,05AAECK5765H1ZE
30049011,12,199,AYC2401,05-03-2024,12,KANHA JI DISTRIBUTORS,DIVYA PEEDANIL SPRAY 100 ML - T,दिव्य पीड़ानिल स्प्रे 100 मि.ली.,23-02-2026,08-05-2025,1790.94,6,6,0,TI725AAA2526,05AAECK5765H1ZE
30049011,25,40,ATPC250040,25-03-2025,5,KANHA JI DISTRIBUTORS,TRIPHALA CHURNA -100GM,त्रिफला चूर्ण 100 ग्राम,25-02-2027,08-05-2025,749.97,2.5,2.5,0,TI725AAA2526,05AAECK5765H1ZE
30049011,12,60,AV12500002,10-02-2025,12,KANHA JI DISTRIBUTORS,BALM 25 GM (144 PC),बाम 25 ग्राम (144 नग),10-02-2028,08-05-2025,528.33,6,6,0,TI725AAA2526,05AAECK5765H1ZE
33051090,18,120,ABTX250004,22-03-2025,18,KANHA JI DISTRIBUTORS,KESH K. MILK PR. HAIR CLEANSER 180ML T.O,केश कान्ति मिल्क प्रोटीन हेयर क्लींज़र 180 मि.ली. (ट्रेड ऑफर),22-03-2027,08-05-2025,1686.88,9,9,0,TI725AAA2526,05AAECK5765H1ZE
33049940,12,75,AJV2400012,11-10-2024,0,KANHA JI DISTRIBUTORS,HERBAL SUHAG TEEKA (NEW),हर्बल सुहाग टीका (नया),01-10-2026,08-05-2025,769.2,0,0,0,TI725AAA2526,05AAECK5765H1ZE
33049910,22,100,AAHP250136,25-03-2025,18,KANHA JI DISTRIBUTORS,SAUNDARYA ALOEVERA GEL 150 ML,सौंदर्य एलोवेरा जेल 150 मि.ली.,16-09-2026,08-05-2025,1718.03,9,9,0,TI725AAA2526,05AAECK5765H1ZE
33049910,2,100,AAHP250112,16-03-2025,18,KANHA JI DISTRIBUTORS,SAUNDARYA ALOEVERA GEL 150 ML,सौंदर्य एलोवेरा जेल 150 मि.ली.,07-09-2026,08-05-2025,156.18,9,9,0,TI725AAA2526,05AAECK5765H1ZE
19053100,1,5,E425/BP1,05-05-2025,18,KANHA JI DISTRIBUTORS,DOODH BISCUIT 35 GM (200 PC),दूध बिस्किट 35 ग्राम (200 नग),01-11-2025,08-05-2025,851.96,9,9,0,TI726AAA2526,05AAECK5765H1ZE
19053100,1,10,DW25/BP1,30-04-2025,18,KANHA JI DISTRIBUTORS,DOODH BISCUIT 70 GM (100 PC),दूध बिस्किट 70 ग्राम (100 नग),27-10-2025,08-05-2025,853.14,9,9,0,TI726AAA2526,05AAECK5765H1ZE
19053100,1,5,DV25/BP1,30-04-2025,18,KANHA JI DISTRIBUTORS,CREAMFEAST ELAICHI BISCUIT 32.5 GM,क्रीमफीस्ट इलायची बिस्किट 32.5 ग्राम,27-10-2025,08-05-2025,613.41,9,9,0,TI726AAA2526,05AAECK5765H1ZE
19053100,1,5,DQ25/BP1,30-04-2025,18,KANHA JI DISTRIBUTORS,CREAMFEAST CHOCO BISCUIT 32.5 GM,क्रीमफीस्ट चोको बिस्किट 32.5 ग्राम,27-10-2025,08-05-2025,613.41,9,9,0,TI726AAA2526,05AAECK5765H1ZE
19053100,1,10,DU25/AV9,26-04-2025,18,KANHA JI DISTRIBUTORS,NARIYAL BISCUIT 68 GM,नारियल बिस्किट 68 ग्राम,23-10-2025,08-05-2025,853.14,9,9,0,TI726AAA2526,05AAECK5765H1ZE
19022090,2,48,CHF210425,21-04-2025,12,KANHA JI DISTRIBUTORS,ATTA NOODLES CHATPATA FAMILY PACK 240 GM,आटा नूडल्स चटपटा फैमिली पैक 240 ग्राम,16-01-2026,14-05-2025,1804.72,6,6,0,TI846AAA2526,05AAECK5765H1ZE
30049011,1,210,PGD2500148,28-04-2025,12,KANHA JI DISTRIBUTORS,ALOEVERA JUICE 1 L (FIBRE),एलोवेरा रस (फाइबर युक्त) 1 लीटर,23-01-2026,14-05-2025,1768.77,6,6,0,TI846AAA2526,05AAECK5765H1ZE
20019000,1,200,ABA2500004,05-03-2025,12,KANHA JI DISTRIBUTORS,AMLA PICKLE 1 KG,आंवला अचार 1 किग्रा,05-03-2026,14-05-2025,1439.29,6,6,0,TI846AAA2526,05AAECK5765H1ZE
7133190,1,158,BPRMC25004,20-03-2025,5,KANHA JI DISTRIBUTORS,MOONG CHILKA 1000 GM (R1),मूंग दाल छिलका 1000 ग्राम,15-12-2025,14-05-2025,1353.87,2.5,2.5,0,TI846AAA2526,05AAECK5765H1ZE
17029090,1,75,AKI2500044,16-04-2025,5,KANHA JI DISTRIBUTORS,BURA 1 KG,बूरा 1 किग्रा,11-01-2026,14-05-2025,2038.68,2.5,2.5,0,TI846AAA2526,05AAECK5765H1ZE
34011990,1,60,AAYX250010,11-04-2025,18,KANHA JI DISTRIBUTORS,DISHWASH BAR-600G (500G+100G)+SCRUB PAD,डिशवॉश बार 600 ग्राम (500+100 ग्राम) + स्क्रब पैड,10-04-2028,14-05-2025,1173.3,9,9,0,TI846AAA2526,05AAECK5765H1ZE
15149920,2,175,N2B2500031,14-04-2025,5,KANHA JI DISTRIBUTORS,MUSTARD OIL 1 L (P)-T,सरसों का तेल 1 लीटर,09-04-2026,14-05-2025,3805.45,2.5,2.5,0,TI846AAA2526,05AAECK5765H1ZE
15121910,1,175,BR2A250014,21-04-2025,5,KANHA JI DISTRIBUTORS,FORTIFIED SUNFLOWER OIL 1 LTR (P) - T,फोर्टिफाइड सूरजमुखी तेल 1 लीटर,16-01-2026,14-05-2025,1885.09,2.5,2.5,0,TI846AAA2526,05AAECK5765H1ZE
22090090,1,175,ABVO250004,03-04-2025,18,KANHA JI DISTRIBUTORS,APPLE VINEGAR WITH HALDI & GINGER 500 ML,सेब का सिरका हल्दी और अदरक युक्त 500 मि.ली.,03-04-2026,14-05-2025,3342.33,9,9,0,TI846AAA2526,05AAECK5765H1ZE
11010000,1,180,AHV2500013,13-04-2025,5,KANHA JI DISTRIBUTORS,NAVRATNA ATTA 2 KG,नवरत्न आटा 2 किग्रा,10-10-2025,14-05-2025,3164.38,2.5,2.5,0,TI846AAA2526,05AAECK5765H1ZE
19054000,1,50,DF25/SGB,11-04-2025,5,KANHA JI DISTRIBUTORS,ATTA DOODH RUSK 300 GM - T,आटा दूध रस्क 300 ग्राम,08-09-2025,14-05-2025,1028.16,2.5,2.5,0,TI846AAA2526,05AAECK5765H1ZE
11031900,1,50,PDCQ250023,24-03-2025,5,KANHA JI DISTRIBUTORS,PUSHTAHAR DALIA 500 G,पुष्टाहार दलिया 500 ग्राम,19-12-2025,14-05-2025,1279.53,2.5,2.5,0,TI846AAA2526,05AAECK5765H1ZE
30049011,40,20,AAST250013,17-03-2025,12,KANHA JI DISTRIBUTORS,DRISHTI EYE DROP 10 ML (NEW),दृष्टि नेत्र ड्रॉप 10 मि.ली. (नया),17-03-2026,14-05-2025,637.95,6,6,0,TI847AAA2526,05AAECK5765H1ZE
30049011,20,35,AAAQ250002,21-02-2025,12,KANHA JI DISTRIBUTORS,SAUMYA EYE DROP 10 ML,सौम्या आई ड्रॉप 10 मि.ली.,11-02-2027,14-05-2025,558.21,6,6,0,TI847AAA2526,05AAECK5765H1ZE
30049011,25,65,ADCC250015,25-03-2025,5,KANHA JI DISTRIBUTORS,DIVYA DALCHINI CHURNA -100 GM,दिव्य दालचीनी चूर्ण 100 ग्राम,25-02-2027,14-05-2025,1354.24,2.5,2.5,0,TI847AAA2526,05AAECK5765H1ZE
30049011,12,450,BRBS240019,31-12-2024,5,KANHA JI DISTRIBUTORS,ROGHAN BADAM SHIRIN - 150 ML - T,रोगन बादाम शिरीन 150 मि.ली.,16-12-2027,14-05-2025,3869.96,2.5,2.5,0,TI847AAA2526,05AAECK5765H1ZE
30049011,15,190,BRBS250001,31-01-2025,5,KANHA JI DISTRIBUTORS,ROGHAN BADAM SHIRIN - 60 ML - T,रोगन बादाम शिरीन 60 मि.ली.,16-01-2028,14-05-2025,2042.46,2.5,2.5,0,TI847AAA2526,05AAECK5765H1ZE
30049011,25,45,BAMC250012,21-03-2025,5,KANHA JI DISTRIBUTORS,DIVYA AMLA CHURNA - 100 GM,दिव्य आंवला चूर्ण 100 ग्राम,21-02-2027,14-05-2025,937.39,2.5,2.5,0,TI847AAA2526,05AAECK5765H1ZE
30049011,1,60,AGDA250015,01-04-2025,12,KANHA JI DISTRIBUTORS,DIVYA GODHAN ARK - 450ML,दिव्य गोधन अर्क 450 मि.ली.,01-03-2026,14-05-2025,900,6,6,0,TI847AAA2526,05AAECK5765H1ZE
30049011,20,90,AASZ250006,20-01-2025,12,KANHA JI DISTRIBUTORS,ASHVAGANDHA -11 GM (STRIP),अश्वगंधा स्ट्रिप 11 ग्राम,10-01-2027,14-05-2025,1292.09,6,6,0,TI847AAA2526,05AAECK5765H1ZE
30049011,20,225,AMUE250061,06-03-2025,12,KANHA JI DISTRIBUTORS,DIVYA MUKTA VATI EXTRA POWER 30X4 TAB,दिव्य मुक्तावटी एक्स्ट्रा पावर 30×4 टैबलेट,08-02-2030,14-05-2025,3374.94,6,6,0,TI847AAA2526,05AAECK5765H1ZE
30049011,10,40,ADKT250007,05-02-2025,12,KANHA JI DISTRIBUTORS,DIVYA KANTHAMRIT CHEWABLE TABLET 40 N -T,दिव्य कंठामृत चबाने योग्य टैबलेट 40 नग,21-01-2028,14-05-2025,300.04,6,6,0,TI847AAA2526,05AAECK5765H1ZE
30049011,10,75,ADKT250009,28-02-2025,12,KANHA JI DISTRIBUTORS,DIVYA KANTHAMRIT CHEWABLE TABLET 80 N -T,दिव्य कंठामृत चबाने योग्य टैबलेट 80 नग,13-02-2028,14-05-2025,562.53,6,6,0,TI847AAA2526,05AAECK5765H1ZE
30049011,20,45,BLGV250001,30-01-2025,5,KANHA JI DISTRIBUTORS,DIVYA LAVANGADI VATI- 80 TAB,दिव्य लवंगादि वटी 80 टैबलेट,15-01-2028,14-05-2025,749.91,2.5,2.5,0,TI847AAA2526,05AAECK5765H1ZE
30049011,10,600,ANGD250004,15-04-2025,12,KANHA JI DISTRIBUTORS,DIVYA NEUROGRIT GOLD 20 N - T,दिव्य न्यूरोग्रिट गोल्ड 20 नग,15-03-2028,14-05-2025,4500,6,6,0,TI847AAA2526,05AAECK5765H1ZE
30049011,40,40,ABQR250007,06-04-2025,12,KANHA JI DISTRIBUTORS,EYEGRIT EYE DROP 10 ML,आईग्रिट आई ड्रॉप 10 मि.ली.,06-04-2027,14-05-2025,1306.82,6,6,0,TI847AAA2526,05AAECK5765H1ZE
9103030,1,82,AJC2500016,24-03-2025,5,KANHA JI DISTRIBUTORS,TURMERIC POWDER 200 GM,हल्दी पाउडर 200 ग्राम,24-03-2026,22-05-2025,1626.98,2.5,2.5,0,TI995AAA2526,05AAECK5765H1ZE
10063090,1,720,E6M2400006,24-08-2024,5,KANHA JI DISTRIBUTORS,SHAKTI RICE XXL MINI MOGRA-2 10 KG (T),शक्ति चावल XXL मिनी मोगरा-2 10 किग्रा,14-08-2026,22-05-2025,1491.04,2.5,2.5,0,TI995AAA2526,05AAECK5765H1ZE
19053100,1,5,ED25/BP1,11-05-2025,18,KANHA JI DISTRIBUTORS,DOODH BISCUIT 35 GM (200 PC),दूध बिस्किट 35 ग्राम (200 नग),07-11-2025,22-05-2025,851.96,9,9,0,TI995AAA2526,05AAECK5765H1ZE
19053100,1,10,EI25/BP1,15-05-2025,18,KANHA JI DISTRIBUTORS,CRUNCHY COCONUT COOKIES 70 GM,क्रंची कोकोनट कुकीज़ 70 ग्राम,11-11-2025,22-05-2025,614.26,9,9,0,TI995AAA2526,05AAECK5765H1ZE
34011941,1,40,AAWL250002,11-02-2025,18,KANHA JI DISTRIBUTORS,HALDI CHANDAN KNTI BODY CLNSR.4x45Gx54U,हल्दी-चंदन कान्ति बॉडी क्लीन्ज़र 4×45 ग्राम × 54 नग,11-02-2027,22-05-2025,1718.53,9,9,0,TI995AAA2526,05AAECK5765H1ZE
34011941,1,83,ASV2500008,18-03-2025,18,KANHA JI DISTRIBUTORS,ALOEVERA KANTI BODY CLEANSER-(4X1) 75 GM,एलोवेरा कान्ति बॉडी क्लीन्ज़र (4×1) 75 ग्राम,18-03-2027,22-05-2025,2328.75,9,9,0,TI995AAA2526,05AAECK5765H1ZE
4090000,1,410,BCN2500017,14-04-2025,5,KANHA JI DISTRIBUTORS,HONEY 1 KG,शहद 1 किग्रा,06-10-2026,22-05-2025,3344.54,2.5,2.5,0,TI995AAA2526,05AAECK5765H1ZE
17011420,1,110,AARQ250034,12-05-2025,5,KANHA JI DISTRIBUTORS,KHAND 1 KG,खांड 1 किग्रा,12-05-2026,22-05-2025,2691.45,2.5,2.5,0,TI995AAA2526,05AAECK5765H1ZE
15149920,1,175,N2B2500036,06-05-2025,5,KANHA JI DISTRIBUTORS,MUSTARD OIL 1 L (P)-T,सरसों का तेल 1 लीटर,01-05-2026,22-05-2025,1902.73,2.5,2.5,0,TI995AAA2526,05AAECK5765H1ZE
96032100,1,10,080425NL,08-04-2025,18,KANHA JI DISTRIBUTORS,TOOTHBRUSH NORMAL HANGER (336 PC) - T,टूथब्रश नॉर्मल हैंगर 336 नग,07-04-2030,22-05-2025,2680.2,9,9,0,TI995AAA2526,05AAECK5765H1ZE
34029011,1,70,AM92500039,06-05-2025,18,KANHA JI DISTRIBUTORS,HERBAL WASH DETERGENT POWDER 1 KG,हर्बल वॉश डिटर्जेंट पाउडर 1 किग्रा,05-05-2030,22-05-2025,1517.48,9,9,0,TI995AAA2526,05AAECK5765H1ZE
34029092,1,95,ABHE250008,29-04-2025,18,KANHA JI DISTRIBUTORS,GREEN FLUSH TOILET CLEANER LOW Hcl-500ML,ग्रीन फ्लश टॉयलेट क्लीनर (लो HCl) 500 मि.ली.,29-04-2027,22-05-2025,1625.57,9,9,0,TI995AAA2526,05AAECK5765H1ZE
19022090,2,12,DM190425,19-04-2025,12,KANHA JI DISTRIBUTORS,ATTA NOODLES DESI MASALA 60 GM (96 PC)-T,आटा नूडल्स देसी मसाला 60 ग्राम (96 नग),14-01-2026,22-05-2025,1845.04,6,6,0,TI995AAA2526,05AAECK5765H1ZE
30049011,1,150,ACCT250011,15-05-2025,12,KANHA JI DISTRIBUTORS,AMLA JUICE 1 L (NEW),आंवला रस 1 लीटर (नया),15-05-2026,22-05-2025,1263.38,6,6,0,TI995AAA2526,05AAECK5765H1ZE
30049011,20,180,ADAG250005,06-03-2025,12,KANHA JI DISTRIBUTORS,DIVYA ARJUN GHANVATI 3 U X 20 N,दिव्य अर्जुन घनवटी 3 यूनिट × 20 नग,19-02-2028,22-05-2025,3000.03,6,6,0,TI996AAA2526,05AAECK5765H1ZE
30049011,20,45,BAKV250025,01-03-2025,12,KANHA JI DISTRIBUTORS,DIVYA ARSHKALP VATI - 40 TAB,दिव्य अर्शकल्प वटी 40 टैबलेट,14-02-2028,22-05-2025,749.95,6,6,0,TI996AAA2526,05AAECK5765H1ZE
33059019,24,100,ABHX250001,27-01-2025,18,KANHA JI DISTRIBUTORS,KESH KANTI ADV.H.HAIR EXPERTOIL-30ML T.O,केश कान्ति एडवांस हेयर एक्सपर्ट ऑयल 30 मि.ली. (ट्रेड ऑफर),27-01-2027,22-05-2025,1679.38,9,9,0,TI996AAA2526,05AAECK5765H1ZE
30049011,20,300,BCTT250007,01-03-2025,12,KANHA JI DISTRIBUTORS,DIVYA CYSTOGRIT 3 U X 20 N,दिव्य सिस्टोग्रिट 3 यूनिट × 20 नग,01-02-2028,22-05-2025,4500,6,6,0,TI996AAA2526,05AAECK5765H1ZE
20079990,1,70,B1O2500004,08-04-2025,12,KANHA JI DISTRIBUTORS,ALOEVERA MIXED FRUIT JAM 500 G,एलोवेरा मिक्स्ड फ्रूट जैम 500 ग्राम,08-04-2026,28-05-2025,693.1,6,6,0,TI1121AAA2526,05AAECK5765H1ZE
33061020,1,280,AAPW250014,07-05-2025,18,KANHA JI DISTRIBUTORS,DANT KANTI NATURAL(200GX3)BIG SAVER PACK,दंत कान्ति नेचुरल (200 ग्राम × 3) बड़ा बचत पैक,27-04-2027,28-05-2025,5658.9,9,9,0,TI1121AAA2526,05AAECK5765H1ZE
33061020,1,160,AF82500007,06-05-2025,18,KANHA JI DISTRIBUTORS,DANT KANTI DENTAL CREAM (ADV) 2X100-GM,दंत कान्ति डेंटल क्रीम (एडवांस) 100 ग्राम × 2,28-10-2026,28-05-2025,4400.08,9,9,0,TI1121AAA2526,05AAECK5765H1ZE
34011941,1,10,AAXY250097,08-05-2025,18,KANHA JI DISTRIBUTORS,SUPER DISHWASH BAR-RS10/- (T.O. FREE 3N),सुपर डिशवॉश बार ₹10/- (ट्रेड ऑफर फ्री 3 नग),07-05-2028,28-05-2025,519.67,9,9,0,TI1121AAA2526,05AAECK5765H1ZE
30049011,1,90,PFY2500007,30-04-2025,12,KANHA JI DISTRIBUTORS,GILOY JUICE 500 ML,गिलोय रस 500 मि.ली.,30-04-2026,28-05-2025,861.37,6,6,0,TI1121AAA2526,05AAECK5765H1ZE
30049011,1,220,ACCR250002,14-05-2025,12,KANHA JI DISTRIBUTORS,ALOEVERA JUICE WITH FIBER 1 L (NEW),एलोवेरा रस (फाइबर युक्त) 1 लीटर (नया),08-02-2026,28-05-2025,1852.97,6,6,0,TI1121AAA2526,05AAECK5765H1ZE
30049011,1,150,ACCT250011,15-05-2025,12,KANHA JI DISTRIBUTORS,AMLA JUICE 1 L (NEW),आंवला रस 1 लीटर (नया),15-05-2026,28-05-2025,1263.38,6,6,0,TI1121AAA2526,05AAECK5765H1ZE
11010000,1,480,PDV4250020,19-04-2025,5,KANHA JI DISTRIBUTORS,TRADITIONAL WHOLE WHEAT ATTA 10 KG,पारंपरिक गेहूं का आटा 10 किग्रा,17-08-2025,28-05-2025,2109.55,2.5,2.5,0,TI1121AAA2526,05AAECK5765H1ZE
19053100,1,10,EN25/BP1,19-05-2025,18,KANHA JI DISTRIBUTORS,MARIE BISCUIT 70 GM,मैरी बिस्किट 70 ग्राम,15-11-2025,28-05-2025,409.51,9,9,0,TI1121AAA2526,05AAECK5765H1ZE
11010000,1,250,PDAEZ25001,14-05-2025,5,KANHA JI DISTRIBUTORS,TRADT. W.W CHAKKI ATTA W.BRAN 5 KG_ROI,पारंपरिक गेहूं चक्की आटा विद ब्रान 5 किग्रा (ROI),11-09-2025,28-05-2025,1318.46,2.5,2.5,0,TI1121AAA2526,05AAECK5765H1ZE
30049011,20,135,MMP250003,10-03-2025,5,KANHA JI DISTRIBUTORS,DIVYA MAHAMANJISTHADI KW. PRA.- 450ML,दिव्य महामंजिष्ठादि क्वाथ प्रायोगिक 450 मि.ली.,17-01-2035,28-05-2025,1755,2.5,2.5,0,TI1121AAA2526,05AAECK5765H1ZE
33059090,40,20,ANBL250094,01-04-2025,18,KANHA JI DISTRIBUTORS,KESH KANTI HERBAL MEHANDI (NAT. BLACK)-T,केश कान्ति हर्बल मेहंदी (नेचुरल ब्लैक),27-03-2026,28-05-2025,636.73,9,9,0,TI1121AAA2526,05AAECK5765H1ZE
33059019,25,75,AAO2500005,24-03-2025,18,KANHA JI DISTRIBUTORS,TEJUS TAILUM 100 ML,तेजस तैलम 100 मि.ली.,24-03-2027,28-05-2025,1591.53,9,9,0,TI1121AAA2526,05AAECK5765H1ZE
30049011,20,115,AVS240002,01-05-2024,5,KANHA JI DISTRIBUTORS,DIVYA ARVINDASAVA - 225ML,दिव्य अरविंदासव 225 मि.ली.,10-03-2034,28-05-2025,1494.91,2.5,2.5,0,TI1121AAA2526,05AAECK5765H1ZE
33030020,30,45,BGLJ250021,15-04-2025,18,KANHA JI DISTRIBUTORS,DIVYA GULAB JAL 120 ML - T (90 PC),दिव्य गुलाब जल 120 मि.ली. (90 नग),15-03-2026,28-05-2025,1102.36,9,9,0,TI1121AAA2526,05AAECK5765H1ZE
17011410,1,85,AHG2500107,20-05-2025,5,KANHA JI DISTRIBUTORS,MADHURAM 1 KG,मधुरम गुड़ पाउडर 1 किग्रा,20-05-2026,02-07-2025,2181.38,2.5,2.5,0,TI1753AAA2526,05AAECK5765H1ZE
19022090,1,12,DM130625,13-06-2025,12,KANHA JI DISTRIBUTORS,ATTA NOODLES DESI MASALA 60 GM (96 PC)-T,आटा नूडल्स देसी मसाला 60 ग्राम (96 नग),10-03-2026,02-07-2025,922.52,6,6,0,TI1753AAA2526,05AAECK5765H1ZE
19041020,1,85,BPRP250040,31-05-2025,5,KANHA JI DISTRIBUTORS,POHA 1 KG -T,पोहा 1 किग्रा,27-11-2025,02-07-2025,1450.05,2.5,2.5,0,TI1753AAA2526,05AAECK5765H1ZE
11031900,1,50,PDCQ250043,12-06-2025,5,KANHA JI DISTRIBUTORS,PUSHTAHAR DALIA 500 G,पुष्टाहार दलिया 500 ग्राम,09-03-2026,02-07-2025,1248.66,2.5,2.5,0,TI1753AAA2526,05AAECK5765H1ZE
15089091,1,185,ORQ2500025,23-05-2025,5,KANHA JI DISTRIBUTORS,GROUNDNUT OIL 1 LTR (P),मूंगफली का तेल 1 लीटर,17-02-2026,02-07-2025,2011.46,2.5,2.5,0,TI1753AAA2526,05AAECK5765H1ZE
15159040,1,165,ORE2500033,23-05-2025,5,KANHA JI DISTRIBUTORS,RICE BRAN OIL 1 LTR (P),चावल की भूसी का तेल 1 लीटर,17-02-2026,02-07-2025,1793.99,2.5,2.5,0,TI1753AAA2526,05AAECK5765H1ZE
38084000,1,330,0407/25-26,13-06-2025,18,KANHA JI DISTRIBUTORS,GONYLE FLOOR CLEANER - 5 LTR,गोनाइल फ्लोर क्लीनर 5 लीटर,13-05-2026,02-07-2025,1120.43,9,9,0,TI1753AAA2526,05AAECK5765H1ZE
15149920,1,190,N1B2500073,18-06-2025,5,KANHA JI DISTRIBUTORS,MUSTARD OIL 1 L (B)-T,सरसों का तेल 1 लीटर,20-11-2026,02-07-2025,2002.76,2.5,2.5,0,TI1753AAA2526,05AAECK5765H1ZE
15155091,1,260,JACQ250049,13-06-2025,5,KANHA JI DISTRIBUTORS,SESAME OIL 1 L (B)-T,तिल का तेल 1 लीटर,10-03-2026,02-07-2025,2528.3,2.5,2.5,0,TI1753AAA2526,05AAECK5765H1ZE
15149920,6,185,K2B2500008,02-06-2025,5,KANHA JI DISTRIBUTORS,MUSTARD OIL 1 LTR. (P),सरसों का तेल 1 लीटर,28-05-2026,02-07-2025,11691.03,2.5,2.5,0,TI1753AAA2526,05AAECK5765H1ZE
9092200,1,60,AJE2500010,08-05-2025,5,KANHA JI DISTRIBUTORS,CORIANDER POWDER 200 GM,धनिया पाउडर 200 ग्राम,08-05-2026,02-07-2025,1151.68,2.5,2.5,0,TI1753AAA2526,05AAECK5765H1ZE
30049011,1,90,PFY2500009,09-05-2025,12,KANHA JI DISTRIBUTORS,GILOY JUICE 500 ML,गिलोय रस 500 मि.ली.,09-05-2026,02-07-2025,758,6,6,0,TI1753AAA2526,05AAECK5765H1ZE
30049011,2,220,ACCR250051,28-05-2025,12,KANHA JI DISTRIBUTORS,ALOEVERA JUICE WITH FIBER 1 L (NEW),एलोवेरा रस (फाइबर युक्त) 1 लीटर (नया),22-02-2026,02-07-2025,3705.95,6,6,0,TI1753AAA2526,05AAECK5765H1ZE
30049011,1,85,BSSP250020,01-05-2025,12,KANHA JI DISTRIBUTORS,DIVYA SWASARI PRAVAHI - 250 ML - T,दिव्य स्वासारी प्रवाही 250 मि.ली.,01-04-2028,02-07-2025,2635.14,6,6,0,TI1753AAA2526,05AAECK5765H1ZE
4059020,5,730,FAWC250166,27-06-2025,12,KANHA JI DISTRIBUTORS,COWS GHEE 1 L - T,गाय का घी 1 लीटर,24-03-2026,02-07-2025,50447.04,6,6,0,TI1753AAA2526,05AAECK5765H1ZE
4059020,2,390,FAWD250041,10-06-2025,12,KANHA JI DISTRIBUTORS,COWS GHEE 500 ML - T,गाय का घी 500 मि.ली.,07-03-2026,02-07-2025,21561.12,6,6,0,TI1753AAA2526,05AAECK5765H1ZE
30049011,5,300,DWG250008,30-04-2025,12,KANHA JI DISTRIBUTORS,DIVYA WEIGHTGO TABLET 60 N -T,दिव्य वेटगो टैबलेट 60 नग,31-03-2028,02-07-2025,1125,6,6,0,TI1753AAA2526,05AAECK5765H1ZE
30049011,20,40,BTPG250014,15-04-2025,5,KANHA JI DISTRIBUTORS,DIVYA TRIPHALA GUGGUL- 40 TAB,दिव्य त्रिफला गुग्गुल 40 टैबलेट,15-03-2030,02-07-2025,666.75,2.5,2.5,0,TI1753AAA2526,05AAECK5765H1ZE
30049011,20,43,BCPV250042,28-02-2025,5,KANHA JI DISTRIBUTORS,CHANDRAPRABHA VATI - 40 TAB,चंद्रप्रभा वटी 40 टैबलेट,31-01-2030,02-07-2025,716.73,2.5,2.5,0,TI1753AAA2526,05AAECK5765H1ZE
30049011,25,40,ATPC250063,02-06-2025,5,KANHA JI DISTRIBUTORS,TRIPHALA CHURNA -100GM,त्रिफला चूर्ण 100 ग्राम,02-05-2027,02-07-2025,749.97,2.5,2.5,0,TI1753AAA2526,05AAECK5765H1ZE
30049011,24,100,AAI2500038,16-05-2025,12,KANHA JI DISTRIBUTORS,GILOY GHAN VATI 60 PC (NEW),गिलोय घन वटी 60 नग (नया),16-04-2027,02-07-2025,1722.82,6,6,0,TI1753AAA2526,05AAECK5765H1ZE
34011941,1,40,ABSH240004,30-04-2024,18,KANHA JI DISTRIBUTORS,WHITE LILY ADVANCE BEAUTY BAR-75 G,व्हाइट लिली एडवांस ब्यूटी बार 75 ग्राम,30-04-2026,02-07-2025,4489.29,9,9,0,TI1753AAA2526,05AAECK5765H1ZE
11010000,1,180,AHV2500021,07-06-2025,5,KANHA JI DISTRIBUTORS,NAVRATNA ATTA 2 KG,नवरत्न आटा 2 किग्रा,04-12-2025,02-07-2025,3083.66,2.5,2.5,0,TI1753AAA2526,05AAECK5765H1ZE
34029011,1,70,BM92500023,14-05-2025,18,KANHA JI DISTRIBUTORS,HERBAL WASH DETERGENT POWDER 1 KG-T,हर्बल वॉश डिटर्जेंट पाउडर 1 किग्रा,13-05-2030,02-07-2025,1517.48,9,9,0,TI1753AAA2526,05AAECK5765H1ZE
11010000,1,250,PDAEZ25003,18-05-2025,5,KANHA JI DISTRIBUTORS,TRADT. W.W CHAKKI ATTA W.BRAN 5 KG_ROI,पारंपरिक गेहूं चक्की आटा विद ब्रान 5 किग्रा (ROI),15-09-2025,02-07-2025,1284.82,2.5,2.5,0,TI1753AAA2526,05AAECK5765H1ZE
11010000,1,480,PDAFD25002,15-05-2025,5,KANHA JI DISTRIBUTORS,TRADT. W.W CHAKKI ATTA W.BRAN 10 KG_ROI,पारंपरिक गेहूं चक्की आटा विद ब्रान 10 किग्रा (ROI),12-09-2025,02-07-2025,1233.44,2.5,2.5,0,TI1753AAA2526,05AAECK5765H1ZE
15131900,24,40,ABEA250003,21-03-2025,5,KANHA JI DISTRIBUTORS,COCONUT OIL-100 ML (B),नारियल तेल 100 मि.ली.,14-06-2026,11-06-2025,819,2.5,2.5,0,TI1363AAA2526,05AAECK5765H1ZE
33049910,24,120,AAHV250025,02-05-2025,18,KANHA JI DISTRIBUTORS,SAUNDARYA ALOEVERA GEL K. CHANDAN 150 ML,सौंदर्य एलोवेरा जेल केसर-चंदन 150 मि.ली.,24-10-2026,11-06-2025,2249.17,9,9,0,TI1363AAA2526,05AAECK5765H1ZE
33049910,24,60,AAHU250008,05-05-2025,18,KANHA JI DISTRIBUTORS,SAUNDARYA ALOEVERA GEL K.CHANDAN 60 ML,सौंदर्य एलोवेरा जेल केसर-चंदन 60 मि.ली.,27-10-2026,11-06-2025,1124.59,9,9,0,TI1363AAA2526,05AAECK5765H1ZE
8042090,2,500,AARX250011,06-05-2025,12,KANHA JI DISTRIBUTORS,FIG (ANJEER) 250 GM (MONO),अंजीर 250 ग्राम,02-11-2025,11-06-2025,894.54,6,6,0,TI1363AAA2526,05AAECK5765H1ZE
33061020,24,100,ABRS250002,19-03-2025,18,KANHA JI DISTRIBUTORS,DANT KANTI JUNIOR TP.(STRAWBERY)-80G C.O,दंत कान्ति जूनियर टूथपेस्ट (स्ट्रॉबेरी) 80 ग्राम (कॉम्बो ऑफर),19-03-2027,11-06-2025,1835.14,9,9,0,TI1363AAA2526,05AAECK5765H1ZE
13019013,24,120,CASY250004,02-04-2025,5,KANHA JI DISTRIBUTORS,BANDHANI HING 50 GM (NEW) - T,बंधनी हींग 50 ग्राम (नया),24-09-2026,11-06-2025,2034.14,2.5,2.5,0,TI1363AAA2526,05AAECK5765H1ZE
30049011,20,100,AASO250011,25-04-2025,12,KANHA JI DISTRIBUTORS,SHILAJIT - 11 GM (STRIP),शिलाजीत स्ट्रिप 11 ग्राम,15-04-2027,11-06-2025,1403.78,6,6,0,TI1363AAA2526,05AAECK5765H1ZE
34013090,24,70,AJN2500004,15-05-2025,18,KANHA JI DISTRIBUTORS,HERBAL FACIAL FOAM 60 GM,हर्बल फेशियल फोम 60 ग्राम,05-05-2027,11-06-2025,1283.46,9,9,0,TI1363AAA2526,05AAECK5765H1ZE
33049910,24,100,AJW2500004,17-05-2025,18,KANHA JI DISTRIBUTORS,SUN SCREEN CREAM SPF30- 50GM,सन स्क्रीन क्रीम SPF-30 50 ग्राम,07-05-2027,11-06-2025,1731.48,9,9,0,TI1363AAA2526,05AAECK5765H1ZE
34013090,24,70,AATK250002,27-02-2025,18,KANHA JI DISTRIBUTORS,ALOEVERA GEL FACE WASH 60 ML,एलोवेरा जेल फेस वॉश 60 मि.ली.,17-02-2027,11-06-2025,1283.46,9,9,0,TI1363AAA2526,05AAECK5765H1ZE
8021100,2,365,AART250016,13-05-2025,12,KANHA JI DISTRIBUTORS,ALMOND (BADAM) 250 GM (MONO),बादाम 250 ग्राम,09-11-2025,11-06-2025,653,6,6,0,TI1363AAA2526,05AAECK5765H1ZE
8029000,10,485,AALI250023,18-04-2025,5,KANHA JI DISTRIBUTORS,MAKHANA 250 GM,मखाना 250 ग्राम,12-02-2026,11-06-2025,4350.15,2.5,2.5,0,TI1363AAA2526,05AAECK5765H1ZE
30049011,1,220,ACCR250002,14-05-2025,12,KANHA JI DISTRIBUTORS,ALOEVERA JUICE WITH FIBER 1 L (NEW),एलोवेरा रस (फाइबर युक्त) 1 लीटर (नया),08-02-2026,11-06-2025,1852.97,6,6,0,TI1362AAA2526,05AAECK5765H1ZE
30049011,1,150,ACCT250027,27-05-2025,12,KANHA JI DISTRIBUTORS,AMLA JUICE 1 L (NEW),आंवला रस 1 लीटर (नया),27-05-2026,11-06-2025,1263.38,6,6,0,TI1362AAA2526,05AAECK5765H1ZE
30049011,1,150,ABPB250012,09-05-2025,12,KANHA JI DISTRIBUTORS,KARELA JAMUN 50-50 JUICE - 500 ML,करेला-जामुन 50-50 रस 500 मि.ली.,09-05-2026,11-06-2025,1435.66,6,6,0,TI1362AAA2526,05AAECK5765H1ZE
4090000,1,210,BCM2500030,19-05-2025,5,KANHA JI DISTRIBUTORS,HONEY 500 G,शहद 500 ग्राम,10-11-2026,11-06-2025,2855.16,2.5,2.5,0,TI1362AAA2526,05AAECK5765H1ZE
30049011,1,145,ABY250012,20-03-2025,5,KANHA JI DISTRIBUTORS,DIVYA ABHYARISHTA 450ML,दिव्य अभयारिष्ट 450 मि.ली.,20-04-2035,11-06-2025,1885.05,2.5,2.5,0,TI1362AAA2526,05AAECK5765H1ZE
4059020,1,700,NAWC250105,02-05-2025,12,KANHA JI DISTRIBUTORS,COWS GHEE 1 L,गाय का घी 1 लीटर,27-01-2026,11-06-2025,9674.78,6,6,0,TI1362AAA2526,05AAECK5765H1ZE
4059020,1,390,NAWD250107,09-05-2025,12,KANHA JI DISTRIBUTORS,COWS GHEE 500 ML,गाय का घी 500 मि.ली.,03-02-2026,11-06-2025,10780.56,6,6,0,TI1362AAA2526,05AAECK5765H1ZE
15131900,1,90,AAU2500008,13-05-2025,5,KANHA JI DISTRIBUTORS,COCONUT OIL 200 ML (J),नारियल तेल 200 मि.ली.,13-07-2026,11-06-2025,2680.78,2.5,2.5,0,TI1362AAA2526,05AAECK5765H1ZE
25010010,1,60,SRS25/03,01-03-2025,0,KANHA JI DISTRIBUTORS,SENDHA NAMAK 1 KG - T,सेंधा नमक 1 किग्रा,19-02-2027,11-06-2025,1009,0,0,0,TI1362AAA2526,05AAECK5765H1ZE
34029011,1,85,BN52500013,10-04-2025,18,KANHA JI DISTRIBUTORS,HERBO WASH DETERGENT POWDER 1 KG-T,हर्बो वॉश डिटर्जेंट पाउडर 1 किग्रा,09-04-2030,11-06-2025,1842.87,9,9,0,TI1362AAA2526,05AAECK5765H1ZE
34011941,1,10,AAXY250112,26-05-2025,18,KANHA JI DISTRIBUTORS,SUPER DISHWASH BAR-RS10/- (T.O. FREE 3N),सुपर डिशवॉश बार ₹10/- (ट्रेड ऑफर फ्री 3 नग),25-05-2028,11-06-2025,519.67,9,9,0,TI1362AAA2526,05AAECK5765H1ZE
34011990,1,72,AAXW250033,27-05-2025,18,KANHA JI DISTRIBUTORS,SUPER DISHWASH BAR-225 G B3G1 FREE,सुपर डिशवॉश बार 225 ग्राम (खरीदो 3 पाओ 1 मुफ्त),26-05-2028,11-06-2025,673.45,9,9,0,TI1362AAA2526,05AAECK5765H1ZE
19053100,1,10,F325/BP1,04-06-2025,18,KANHA JI DISTRIBUTORS,DOODH BISCUIT 70 GM (100 PC),दूध बिस्किट 70 ग्राम (100 नग),01-12-2025,11-06-2025,853.14,9,9,0,TI1362AAA2526,05AAECK5765H1ZE
19053100,1,5,FB25/BP1,07-06-2025,18,KANHA JI DISTRIBUTORS,DOODH BISCUIT 35 GM (200 PC),दूध बिस्किट 35 ग्राम (200 नग),04-12-2025,11-06-2025,851.96,9,9,0,TI1362AAA2526,05AAECK5765H1ZE
19019090,1,205,ASZ2500006,12-04-2025,18,KANHA JI DISTRIBUTORS,HERBAL POWERVITA PLUS - 500 GM REFILL -T,हर्बल पावरवीटा प्लस 500 ग्राम रीफिल,07-01-2026,11-06-2025,3981.51,9,9,0,TI1362AAA2526,05AAECK5765H1ZE
11031900,1,35,PDCS250135,22-05-2025,5,KANHA JI DISTRIBUTORS,DALIA 500 G,दलिया 500 ग्राम,18-11-2025,11-06-2025,873.15,2.5,2.5,0,TI1362AAA2526,05AAECK5765H1ZE
15149920,2,175,N2B2500041,22-05-2025,5,KANHA JI DISTRIBUTORS,MUSTARD OIL 1 L (P)-T,सरसों का तेल 1 लीटर,17-05-2026,11-06-2025,3805.45,2.5,2.5,0,TI1362AAA2526,05AAECK5765H1ZE
15121910,1,175,BR2A250017,12-05-2025,5,KANHA JI DISTRIBUTORS,FORTIFIED SUNFLOWER OIL 1 LTR (P) - T,फोर्टिफाइड सूरजमुखी तेल 1 लीटर,06-02-2026,11-06-2025,1885.09,2.5,2.5,0,TI1362AAA2526,05AAECK5765H1ZE
15079010,1,165,BR2B250006,27-03-2025,5,KANHA JI DISTRIBUTORS,FORTIFIED SOYABEAN OIL 1 LTR (P) - T,फोर्टिफाइड सोयाबीन तेल 1 लीटर,22-12-2025,11-06-2025,1777.36,2.5,2.5,0,TI1362AAA2526,05AAECK5765H1ZE
15149920,1,900,N3B2500020,19-05-2025,5,KANHA JI DISTRIBUTORS,MUSTARD OIL 5 L (J)-T,सरसों का तेल 5 लीटर,14-05-2026,11-06-2025,3323.8,2.5,2.5,0,TI1362AAA2526,05AAECK5765H1ZE
15155091,1,260,JACQ250044,19-05-2025,5,KANHA JI DISTRIBUTORS,SESAME OIL 1 L (B)-T,तिल का तेल 1 लीटर,13-02-2026,11-06-2025,2528.3,2.5,2.5,0,TI1362AAA2526,05AAECK5765H1ZE
19053100,1,5,EV25/BP1,31-05-2025,18,KANHA JI DISTRIBUTORS,CREAMFEAST CHOCO BISCUIT 32.5 GM,क्रीमफीस्ट चोको बिस्किट 32.5 ग्राम,27-11-2025,11-06-2025,613.41,9,9,0,TI1362AAA2526,05AAECK5765H1ZE
19053100,1,5,DT25/BP1,27-04-2025,18,KANHA JI DISTRIBUTORS,CREAMFEAST ORANGE BISCUIT 32.5 GM,क्रीमफीस्ट ऑरेंज बिस्किट 32.5 ग्राम,24-10-2025,11-06-2025,613.41,9,9,0,TI1362AAA2526,05AAECK5765H1ZE
30049011,1,185,ADA2400010,06-12-2024,12,KANHA JI DISTRIBUTORS,SPECIAL CHYAWANPRASH 500 G,विशेष च्यवनप्राश 500 ग्राम,21-11-2027,11-06-2025,3541.17,6,6,0,TI1362AAA2526,05AAECK5765H1ZE
33051090,1,120,AAWT250005,30-04-2025,18,KANHA JI DISTRIBUTORS,KESH KANTI ADV. H.H. EXPERT SHAMPO-100ML,केश कान्ति एडवांस हेयर एक्सपर्ट शैम्पू 100 मि.ली.,30-04-2027,09-07-2025,3116.76,9,9,0,TI1897AAA2526,05AAECK5765H1ZE
38084000,2,70,2079/25-26,25-06-2025,18,KANHA JI DISTRIBUTORS,GONYLE FLOOR CLEANER - 1 LTR,गोनाइल फ्लोर क्लीनर 1 लीटर,25-05-2026,09-07-2025,1425.91,9,9,0,TI1897AAA2526,05AAECK5765H1ZE
30049011,1,150,ACCT250050,17-06-2025,12,KANHA JI DISTRIBUTORS,AMLA JUICE 1 L (NEW),आंवला रस 1 लीटर (नया),17-06-2026,09-07-2025,1263.38,6,6,0,TI1897AAA2526,05AAECK5765H1ZE
15121910,1,175,BR2A250021,19-06-2025,5,KANHA JI DISTRIBUTORS,FORTIFIED SUNFLOWER OIL 1 LTR (P) - T,फोर्टिफाइड सूरजमुखी तेल 1 लीटर,16-03-2026,09-07-2025,1885.09,2.5,2.5,0,TI1897AAA2526,05AAECK5765H1ZE
7135000,1,122,BPRKC25011,07-06-2025,5,KANHA JI DISTRIBUTORS,KALA CHANA 1000 GM (R1),काला चना 1000 ग्राम,04-03-2026,09-07-2025,944.9,2.5,2.5,0,TI1897AAA2526,05AAECK5765H1ZE
30049011,2,150,ABPB250014,13-06-2025,12,KANHA JI DISTRIBUTORS,KARELA JAMUN 50-50 JUICE - 500 ML,करेला-जामुन 50-50 रस 500 मि.ली.,13-06-2026,09-07-2025,2526.77,6,6,0,TI1897AAA2526,05AAECK5765H1ZE
34011941,2,10,AAXY250129,18-06-2025,18,KANHA JI DISTRIBUTORS,SUPER DISHWASH BAR-RS10/- (T.O. FREE 3N),सुपर डिशवॉश बार ₹10/- (ट्रेड ऑफर फ्री 3 नग),17-06-2028,09-07-2025,1039.34,9,9,0,TI1897AAA2526,05AAECK5765H1ZE
34011990,2,72,AAXW250037,16-06-2025,18,KANHA JI DISTRIBUTORS,SUPER DISHWASH BAR-225 G B3G1 FREE,सुपर डिशवॉश बार 225 ग्राम (खरीदो 3 पाओ 1 मुफ्त),15-06-2028,09-07-2025,1346.9,9,9,0,TI1897AAA2526,05AAECK5765H1ZE
11010000,1,440,PDBKP25006,04-07-2025,5,KANHA JI DISTRIBUTORS,TRADITIONAL WHOLE WHEAT ATTA 10 KG(UK),पारंपरिक गेहूं का आटा 10 किग्रा (यूके),01-11-2025,09-07-2025,1973.21,2.5,2.5,0,TI1897AAA2526,05AAECK5765H1ZE
33074100,1,100,AAAS240009,05-12-2024,5,KANHA JI DISTRIBUTORS,AASTHA DIVYA HAWAN SAMAGRI 500 GM -T,आस्था दिव्य हवन सामग्री 500 ग्राम,25-11-2026,09-07-2025,4166.93,2.5,2.5,0,TI1897AAA2526,05AAECK5765H1ZE
30049011,20,250,BMDE250070,18-05-2025,12,KANHA JI DISTRIBUTORS,DIVYA MEDHA VATI EX.POWER 30X4 TAB,दिव्य मेधा वटी एक्स्ट्रा पावर 30×4 टैबलेट,18-04-2030,09-07-2025,3749.96,6,6,0,TI1896AAA2526,05AAECK5765H1ZE
30049011,50,30,ASPC250006,06-03-2025,5,KANHA JI DISTRIBUTORS,DIVYA SITOPALADI CHURNA - 25 GM,दिव्य सितोपलादि चूर्ण 25 ग्राम,24-02-2027,09-07-2025,1250.03,2.5,2.5,0,TI1896AAA2526,05AAECK5765H1ZE
20019000,6,320,AAYC250030,12-06-2025,12,KANHA JI DISTRIBUTORS,DATES (KHAJUR) 500 GM,खजूर 500 ग्राम,09-12-2025,09-07-2025,1717.5,6,6,0,TI1896AAA2526,05AAECK5765H1ZE
30049011,24,100,AAK2500027,14-05-2025,12,KANHA JI DISTRIBUTORS,NEEM GHAN VATI 60 TAB,नीम घन वटी 60 टैबलेट,14-04-2027,09-07-2025,1797.87,6,6,0,TI1896AAA2526,05AAECK5765H1ZE
30049011,25,125,ADSC250016,15-04-2025,12,KANHA JI DISTRIBUTORS,DIVYA SHUDDHI CHURNA 100 GM - T,दिव्य शुद्धि चूर्ण 100 ग्राम,15-03-2027,09-07-2025,2343.87,6,6,0,TI1896AAA2526,05AAECK5765H1ZE
8062090,15,160,AARV250019,11-06-2025,5,KANHA JI DISTRIBUTORS,RAISINS 250 GM (MONO),किशमिश 250 ग्राम,08-12-2025,09-07-2025,2152.71,2.5,2.5,0,TI1896AAA2526,05AAECK5765H1ZE
30049011,30,45,ADYD250010,01-04-2025,12,KANHA JI DISTRIBUTORS,DIVYA DHARA 10 ML (800 PC),दिव्य धारा 10 मि.ली. (800 नग),28-03-2028,09-07-2025,1012.42,6,6,0,TI1896AAA2526,05AAECK5765H1ZE
33059019,36,100,ABHX250004,14-05-2025,18,KANHA JI DISTRIBUTORS,KESH KANTI ADV.H.HAIR EXPERTOIL-30ML T.O,केश कान्ति एडवांस हेयर एक्सपर्ट ऑयल 30 मि.ली. (ट्रेड ऑफर),14-05-2027,09-07-2025,2519.06,9,9,0,TI1896AAA2526,05AAECK5765H1ZE
33051090,18,120,ABTZ250008,18-04-2025,18,KANHA JI DISTRIBUTORS,KESH K. REETHA HAIR CLEANSER 180ML T.O.,केश कान्ति रीठा हेयर क्लींज़र 180 मि.ली. (ट्रेड ऑफर),18-04-2027,09-07-2025,1686.88,9,9,0,TI1896AAA2526,05AAECK5765H1ZE
9022090,50,75,ADYP250012,28-04-2025,5,KANHA JI DISTRIBUTORS,DIVYA PEY - 100 GM - T,दिव्य पेय 100 ग्राम,28-03-2027,09-07-2025,2812.32,2.5,2.5,0,TI1896AAA2526,05AAECK5765H1ZE
30049011,36,60,AV12500009,04-06-2025,12,KANHA JI DISTRIBUTORS,BALM 25 GM (144 PC),बाम 25 ग्राम (144 नग),03-06-2028,09-07-2025,1584.98,6,6,0,TI1896AAA2526,05AAECK5765H1ZE
33049910,20,100,ACCG250053,23-05-2025,18,KANHA JI DISTRIBUTORS,SAUNDARYA ALOEVERA GEL 150ML C.O.FAG20RS,सौंदर्य एलोवेरा जेल 150 मि.ली. (कॉम्बो ऑफर ₹20),21-11-2026,09-07-2025,1561.85,9,9,0,TI1896AAA2526,05AAECK5765H1ZE
30049011,20,225,BMNE250098,15-04-2025,12,KANHA JI DISTRIBUTORS,DIVYA MADHUNASHNI VATI EX.POWER 30X4 TAB,दिव्य मधुनाशिनी वटी एक्स्ट्रा पावर 30×4 टैबलेट,15-03-2028,09-07-2025,3374.94,6,6,0,TI1896AAA2526,05AAECK5765H1ZE
30049011,20,225,AMUE250087,01-04-2025,12,KANHA JI DISTRIBUTORS,DIVYA MUKTA VATI EXTRA POWER 30X4 TAB,दिव्य मुक्तावटी एक्स्ट्रा पावर 30×4 टैबलेट,31-03-2030,09-07-2025,3374.94,6,6,0,TI1896AAA2526,05AAECK5765H1ZE
29142922,2,500,ABEB250004,28-04-2025,18,DEEPAK TRADERS,AASTHA BHIMSENI KAPOOR-200G FREEGANGAJAL,आस्था भीमसेनी कपूर 200 ग्राम (फ्री गंगाजल),28-03-2027,09-07-2025,620.82,9,9,0,TI30171AAA2526,05AELPS3782C1ZD
29142922,24,80,ABAK250005,25-02-2025,18,DEEPAK TRADERS,AASTHA BHIMSENI KAPOOR 25 G,आस्था भीमसेनी कपूर 25 ग्राम,15-02-2027,09-07-2025,1354.55,9,9,0,TI30171AAA2526,05AELPS3782C1ZD
29142922,24,60,A9D2400057,26-11-2024,18,DEEPAK TRADERS,AASTHA CAMPHOR 25 GM,आस्था कपूर 25 ग्राम,05-10-2034,09-07-2025,873.67,9,9,0,TI30171AAA2526,05AELPS3782C1ZD
59080010,12,40,ABRP250001,08-10-2024,0,DEEPAK TRADERS,AASTHA LONG COTTONWICK -30 GM,आस्था लंबी रूई बत्ती 30 ग्राम,23-09-2027,09-07-2025,348.36,0,0,0,TI30171AAA2526,05AELPS3782C1ZD
33049940,40,40,A0M2500015,07-05-2025,0,DEEPAK TRADERS,AASTHA COTTON WICKS PLAIN 25 GM,आस्था कपास रूई बत्ती 25 ग्राम,07-04-2028,09-07-2025,1158.4,0,0,0,TI30171AAA2526,05AELPS3782C1ZD
33074100,12,10,ABBD250001,19-03-2025,5,DEEPAK TRADERS,AASTHA SPECIAL WHITESAGE DHOOP-10 N,आस्था स्पेशल व्हाइट सेज धूप 10 नग,09-03-2027,09-07-2025,74.09,2.5,2.5,0,TI30171AAA2526,05AELPS3782C1ZD
33074100,12,20,ABTA250002,11-06-2025,5,DEEPAK TRADERS,AASTHA GUGAL DHOOP -1N,आस्था गुगल धूप 1 नग,11-05-2027,09-07-2025,88.83,2.5,2.5,0,TI30171AAA2526,05AELPS3782C1ZD
33074100,12,20,ABSZ240008,27-04-2024,5,DEEPAK TRADERS,AASTHA LOBAN DHOOP -1N,आस्था लोबान धूप 1 नग,17-04-2026,09-07-2025,88.83,2.5,2.5,0,TI30171AAA2526,05AELPS3782C1ZD
33074100,12,35,AAWI250010,01-05-2025,5,DEEPAK TRADERS,AASTHA PREMIUM MOGRA DHOOP - 20 N,आस्था प्रीमियम मोगरा धूप 20 नग,01-04-2027,09-07-2025,266.62,2.5,2.5,0,TI30171AAA2526,05AELPS3782C1ZD
33074100,12,35,AAWJ250015,30-05-2025,5,DEEPAK TRADERS,AASTHA PREMIUM ROSE DHOOP - 20 N,आस्था प्रीमियम गुलाब धूप 20 नग,30-04-2027,09-07-2025,266.62,2.5,2.5,0,TI30171AAA2526,05AELPS3782C1ZD
33074100,12,35,AAWF250005,30-04-2025,5,DEEPAK TRADERS,AASTHA PREMIUM DELUXE DHOOP - 20 N,आस्था प्रीमियम डीलक्स धूप 20 नग,31-03-2027,09-07-2025,266.62,2.5,2.5,0,TI30171AAA2526,05AELPS3782C1ZD
33074100,12,35,AAWE250017,30-04-2025,5,DEEPAK TRADERS,AASTHA PREMIUM SANDAL DHOOP - 20 N,आस्था प्रीमियम चंदन धूप 20 नग,31-03-2027,09-07-2025,266.62,2.5,2.5,0,TI30171AAA2526,05AELPS3782C1ZD
33074100,12,35,AAWH250013,19-06-2025,5,DEEPAK TRADERS,AASTHA PREMIUM LOBAN DHOOP - 20 N,आस्था प्रीमियम लोबान धूप 20 नग,19-05-2027,09-07-2025,266.62,2.5,2.5,0,TI30171AAA2526,05AELPS3782C1ZD
33074100,12,35,AAWG250023,24-06-2025,5,DEEPAK TRADERS,AASTHA PREMIUM GUGAL DHOOP - 20 N,आस्था प्रीमियम गुगल धूप 20 नग,24-05-2027,09-07-2025,266.62,2.5,2.5,0,TI30171AAA2526,05AELPS3782C1ZD
33074100,6,135,ACAG250003,10-02-2025,5,DEEPAK TRADERS,AASTHA BACKFLOW DHOOP CONE BUDHA-160 GM,आस्था बैकफ्लो धूप कोन बुद्धा 160 ग्राम,31-01-2027,09-07-2025,500.03,2.5,2.5,0,TI30171AAA2526,05AELPS3782C1ZD
33074100,1,135,ABSY240024,19-12-2024,5,DEEPAK TRADERS,AASTHA BACKFLOW DHOOP CONE LOBAN-160 GM,आस्था बैकफ्लो धूप कोन लोबान 160 ग्राम,09-12-2026,09-07-2025,83.34,2.5,2.5,0,TI30171AAA2526,05AELPS3782C1ZD
33074100,5,135,ABSY250003,04-03-2025,5,DEEPAK TRADERS,AASTHA BACKFLOW DHOOP CONE LOBAN-160 GM,आस्था बैकफ्लो धूप कोन लोबान 160 ग्राम,22-02-2027,09-07-2025,416.69,2.5,2.5,0,TI30171AAA2526,05AELPS3782C1ZD
33074100,6,135,ABSX250004,24-03-2025,5,DEEPAK TRADERS,AASTHA BACKFLOW DHOOP CONE GUGAL-160 GM,आस्था बैकफ्लो धूप कोन गुगल 160 ग्राम,14-03-2027,09-07-2025,500.03,2.5,2.5,0,TI30171AAA2526,05AELPS3782C1ZD
33074100,2,135,ACBA250008,18-02-2025,5,DEEPAK TRADERS,AASTHA BACKFLOW DHOOPCONE VRINDAVAN-160G,आस्था बैकफ्लो धूप कोन वृंदावन 160 ग्राम,08-02-2027,09-07-2025,166.68,2.5,2.5,0,TI30171AAA2526,05AELPS3782C1ZD
33074100,4,135,ACBA250008,18-02-2025,5,DEEPAK TRADERS,AASTHA BACKFLOW DHOOPCONE VRINDAVAN-160G,आस्था बैकफ्लो धूप कोन वृंदावन 160 ग्राम,08-02-2027,09-07-2025,333.35,2.5,2.5,0,TI30171AAA2526,05AELPS3782C1ZD
33074100,12,20,AAXG250001,20-01-2025,5,DEEPAK TRADERS,AASTHA SANDAL DRY DHOOP CONE - 20 GM,आस्था चंदन ड्राई धूप कोन 20 ग्राम,10-01-2027,09-07-2025,84.67,2.5,2.5,0,TI30171AAA2526,05AELPS3782C1ZD
33074100,12,20,AAXH240011,01-12-2024,5,DEEPAK TRADERS,AASTHA GUGAL DRY DHOOP CONE - 20 GM,आस्था गुगल ड्राई धूप कोन 20 ग्राम,21-11-2026,09-07-2025,84.67,2.5,2.5,0,TI30171AAA2526,05AELPS3782C1ZD
33074100,6,55,ABKA250004,18-04-2025,5,DEEPAK TRADERS,AASTHA MUSK CONE DHOOP - 80 GM,आस्था मस्क कोन धूप 80 ग्राम,02-04-2028,09-07-2025,179.74,2.5,2.5,0,TI30171AAA2526,05AELPS3782C1ZD
33074100,6,55,ABJY250001,28-01-2025,5,DEEPAK TRADERS,AASTHA RAJNIGANDHA CONE DHOOP - 80 GM,आस्था रजनीगंधा कोन धूप 80 ग्राम,13-01-2028,09-07-2025,179.74,2.5,2.5,0,TI30171AAA2526,05AELPS3782C1ZD
33074100,1,120,AAUX240049,24-12-2024,5,DEEPAK TRADERS,AASTHA CHAMPA CONE DHOOP - 200 GM,आस्था चंपा कोन धूप 200 ग्राम,14-12-2026,09-07-2025,71.96,2.5,2.5,0,TI30171AAA2526,05AELPS3782C1ZD
33074100,2,120,AAUX250010,30-04-2025,5,DEEPAK TRADERS,AASTHA CHAMPA CONE DHOOP - 200 GM,आस्था चंपा कोन धूप 200 ग्राम,31-03-2027,09-07-2025,143.91,2.5,2.5,0,TI30171AAA2526,05AELPS3782C1ZD
33074100,3,120,ACAH250006,10-02-2025,5,DEEPAK TRADERS,AASTHA KASTURI CONE DHOOP - 200 GM,आस्था कस्तूरी कोन धूप 200 ग्राम,31-01-2027,09-07-2025,215.87,2.5,2.5,0,TI30171AAA2526,05AELPS3782C1ZD
33074100,3,120,ACAI250012,10-06-2025,5,DEEPAK TRADERS,AASTHA MOGRA CONE DHOOP - 200 GM,आस्था मोगरा कोन धूप 200 ग्राम,10-05-2027,09-07-2025,215.87,2.5,2.5,0,TI30171AAA2526,05AELPS3782C1ZD
33074100,3,120,AAWA250004,17-03-2025,5,DEEPAK TRADERS,AASTHA BOUQUET CONE DHOOP - 200 GM,आस्था बुके कोन धूप 200 ग्राम,07-03-2027,09-07-2025,215.87,2.5,2.5,0,TI30171AAA2526,05AELPS3782C1ZD
33074100,3,120,AAUZ250016,23-05-2025,5,DEEPAK TRADERS,AASTHA SANDAL CONE DHOOP - 200 GM,आस्था चंदन कोन धूप 200 ग्राम,23-04-2027,09-07-2025,215.87,2.5,2.5,0,TI30171AAA2526,05AELPS3782C1ZD
33074100,3,120,AAUY250019,19-06-2025,5,DEEPAK TRADERS,AASTHA ROSE CONE DHOOP - 200 GM,आस्था गुलाब कोन धूप 200 ग्राम,19-05-2027,09-07-2025,215.87,2.5,2.5,0,TI30171AAA2526,05AELPS3782C1ZD
33074100,3,120,ACBO250003,27-02-2025,5,DEEPAK TRADERS,AASTHA MUSK MELON DRY DHOOP STICK-200G,आस्था मस्क मेलन ड्राई धूप स्टिक 200 ग्राम,17-02-2027,09-07-2025,222.23,2.5,2.5,0,TI30171AAA2526,05AELPS3782C1ZD
33074100,3,120,ACBN250004,28-02-2025,5,DEEPAK TRADERS,AASTHA MARIGOLD DRY DHOOP STICK-200G,आस्था गेंदा ड्राई धूप स्टिक 200 ग्राम,28-02-2026,09-07-2025,222.23,2.5,2.5,0,TI30171AAA2526,05AELPS3782C1ZD
33074100,3,120,ACBQ250001,26-02-2025,5,DEEPAK TRADERS,AASTHA VALLEYOFFLOWER DRY DHOOP STK-200G,आस्था वैली ऑफ फ्लावर ड्राई धूप स्टिक 200 ग्राम,16-02-2027,09-07-2025,222.23,2.5,2.5,0,TI30171AAA2526,05AELPS3782C1ZD
33074100,3,120,ABHS250013,19-05-2025,5,DEEPAK TRADERS,AASTHA LAVENDER DRY DHOOP STICK- 200 G,आस्था लैवेंडर ड्राई धूप स्टिक 200 ग्राम,19-04-2027,09-07-2025,222.23,2.5,2.5,0,TI30171AAA2526,05AELPS3782C1ZD
33074100,3,120,ABHR250013,18-04-2025,5,DEEPAK TRADERS,AASTHA RAJNIGANDHA DRY DHOOP STICK-200 G,आस्था रजनीगंधा ड्राई धूप स्टिक 200 ग्राम,08-04-2027,09-07-2025,222.23,2.5,2.5,0,TI30171AAA2526,05AELPS3782C1ZD
33074100,3,120,ABHQ250018,28-04-2025,5,DEEPAK TRADERS,AASTHA SANDAL DRY DHOOP STICK-200 G,आस्था चंदन ड्राई धूप स्टिक 200 ग्राम,28-03-2027,09-07-2025,222.23,2.5,2.5,0,TI30171AAA2526,05AELPS3782C1ZD
33074100,6,120,ABHP250015,05-06-2025,5,DEEPAK TRADERS,AASTHA ROSE DRY DHOOP STICK-200 G,आस्था गुलाब ड्राई धूप स्टिक 200 ग्राम,05-05-2027,09-07-2025,444.47,2.5,2.5,0,TI30171AAA2526,05AELPS3782C1ZD
4059020,48,102,NBHO250002,01-04-2025,12,DEEPAK TRADERS,AASTHA COWS GHEE 100 ML - T,आस्था गाय का घी 100 मि.ली.,01-12-2025,09-07-2025,4159.95,6,6,0,TI30171AAA2526,05AELPS3782C1ZD
4059020,47,165,NBAI250008,01-06-2025,12,DEEPAK TRADERS,AASTHA COWS GHEE 200 ML - T,आस्था गाय का घी 200 मि.ली.,01-02-2026,09-07-2025,7069.03,6,6,0,TI30171AAA2526,05AELPS3782C1ZD
33074100,12,300,ACBS250007,30-04-2025,5,DEEPAK TRADERS,AASTHA GAUMAYA HAWAN KUND -30 N (12PC),आस्था गौमय हवन कुंड 30 नग (12 पैक),31-03-2028,09-07-2025,2469.1,2.5,2.5,0,TI30171AAA2526,05AELPS3782C1ZD
15149920,12,43,NCAD250001,10-02-2025,5,DEEPAK TRADERS,AASTHA MUSTARD OIL 200 ML (B)-T,आस्था सरसों का तेल 200 मि.ली.,05-02-2026,09-07-2025,467.46,2.5,2.5,0,TI30171AAA2526,05AELPS3782C1ZD
33074100,12,55,A6Q2300002,06-03-2023,5,DEEPAK TRADERS,AASTHA DASANGAM 50 GM,आस्था दशांगम 50 ग्राम,18-02-2026,09-07-2025,381.78,2.5,2.5,0,TI30171AAA2526,05AELPS3782C1ZD
33074900,24,45,ABVZ240004,10-09-2024,5,DEEPAK TRADERS,AASTHA ASHTAGANDHA -25 GM,आस्था अष्टगंध 25 ग्राम,15-08-2029,09-07-2025,588.17,2.5,2.5,0,TI30171AAA2526,05AELPS3782C1ZD
33049940,60,15,ABVU240009,17-10-2024,0,DEEPAK TRADERS,AASTHA CHANDAN (POUCH)-20G,आस्था चंदन (पाउच) 20 ग्राम,02-10-2027,09-07-2025,370.2,0,0,0,TI30171AAA2526,05AELPS3782C1ZD
31010091,24,50,GSN2500004,29-03-2025,5,DEEPAK TRADERS,AASTHA GAUMAYA SAMIDHA 12N -T,आस्था गौमय समिधा 12 नग,01-02-2027,09-07-2025,966.17,2.5,2.5,0,TI30171AAA2526,05AELPS3782C1ZD
59080010,12,100,ABLY250005,22-05-2025,12,DEEPAK TRADERS,AASTHA GHEE BATTI - 30N,आस्था घी बत्ती 30 नग,22-04-2027,09-07-2025,841.75,6,6,0,TI30171AAA2526,05AELPS3782C1ZD
33049940,36,25,A8D2500003,28-01-2025,0,DEEPAK TRADERS,AASTHA POOJA GOPI CHANDAN 25 GM,आस्था पूजा गोपी चंदन 25 ग्राम,17-07-2027,09-07-2025,648.72,0,0,0,TI30171AAA2526,05AELPS3782C1ZD
52042090,12,15,ABXB240001,31-08-2024,0,DEEPAK TRADERS,AASTHA KALAWA -1N,आस्था कलावा 1 नग,16-08-2027,09-07-2025,90.12,0,0,0,TI30171AAA2526,05AELPS3782C1ZD
52042090,24,15,ABXB240003,03-09-2024,0,DEEPAK TRADERS,AASTHA KALAWA -1N,आस्था कलावा 1 नग,19-08-2027,09-07-2025,180.24,0,0,0,TI30171AAA2526,05AELPS3782C1ZD
33049940,36,25,A7D2500014,29-05-2025,0,DEEPAK TRADERS,AASTHA CHANDAN TIKA 25 GM,आस्था चंदन टीका 25 ग्राम,29-10-2027,09-07-2025,648.72,0,0,0,TI30171AAA2526,05AELPS3782C1ZD
33049940,36,25,A6D2500012,30-05-2025,0,DEEPAK TRADERS,AASTHA ROLI 25 GM,आस्था रोली 25 ग्राम,30-10-2027,09-07-2025,648.72,0,0,0,TI30171AAA2526,05AELPS3782C1ZD
33049940,60,15,ABVT240010,03-10-2024,0,DEEPAK TRADERS,AASTHA ROLI (POUCH)-20G,आस्था रोली (पाउच) 20 ग्राम,18-09-2027,09-07-2025,370.2,0,0,0,TI30171AAA2526,05AELPS3782C1ZD
33074100,20,100,A5R2500021,14-05-2025,5,DEEPAK TRADERS,AASTHA SAMBRANI CUP,आस्था संभरणी कप,14-04-2030,09-07-2025,1410.99,2.5,2.5,0,TI30171AAA2526,05AELPS3782C1ZD
33074100,4,80,ABWA250017,21-04-2025,5,DEEPAK TRADERS,AASTHA SAMBRANI STICK (72 PC),आस्था संभरणी स्टिक (72 नग),21-03-2030,09-07-2025,218.36,2.5,2.5,0,TI30171AAA2526,05AELPS3782C1ZD
33074100,6,80,ABXL250007,11-03-2025,5,DEEPAK TRADERS,AASTHA HAWAN STICK SAFFRON SANDAL-20N,आस्था हवन स्टिक केसर चंदन 20 नग,13-02-2030,09-07-2025,355.57,2.5,2.5,0,TI30171AAA2526,05AELPS3782C1ZD
33074100,6,120,ABOJ250015,30-04-2025,5,DEEPAK TRADERS,AASTHA HAWAN CUP SAFFRON SANDAL,आस्था हवन कप केसर चंदन,31-03-2028,09-07-2025,444.47,2.5,2.5,0,TI30171AAA2526,05AELPS3782C1ZD
11010000,1,230,PDBKQ25006,04-07-2025,5,KANHA JI DISTRIBUTORS,TRADITIONAL WHOLE WHEAT ATTA 5 KG(UK),पारंपरिक गेहूं का आटा 5 किग्रा (यूके),01-11-2025,16-07-2025,1650.35,2.5,2.5,0,TI2000AAA2526,05AAECK5765H1ZE
19053100,1,5,GH25/BP1,13-07-2025,18,KANHA JI DISTRIBUTORS,DOODH BISCUIT 35 GM (200 PC),दूध बिस्किट 35 ग्राम (200 नग),09-01-2026,16-07-2025,851.96,9,9,0,TI2000AAA2526,05AAECK5765H1ZE
19053100,1,10,GF25/BP1,12-07-2025,18,KANHA JI DISTRIBUTORS,DOODH BISCUIT 70 GM (100 PC),दूध बिस्किट 70 ग्राम (100 नग),08-01-2026,16-07-2025,853.14,9,9,0,TI2000AAA2526,05AAECK5765H1ZE
19022090,1,12,DM210625,21-06-2025,12,KANHA JI DISTRIBUTORS,ATTA NOODLES DESI MASALA 60 GM (96 PC)-T,आटा नूडल्स देसी मसाला 60 ग्राम (96 नग),18-03-2026,16-07-2025,922.52,6,6,0,TI2000AAA2526,05AAECK5765H1ZE
30049011,1,35,AARK250036,15-04-2025,5,KANHA JI DISTRIBUTORS,DIVYA ARJUN KWATH 100G,दिव्य अर्जुन क्वाथ 100 ग्राम,15-03-2027,16-07-2025,1458.45,2.5,2.5,0,TI2000AAA2526,05AAECK5765H1ZE
25010010,1,60,SRS25/03,01-03-2025,0,KANHA JI DISTRIBUTORS,SENDHA NAMAK 1 KG - T,सेंधा नमक 1 किग्रा,19-02-2027,16-07-2025,1009,0,0,0,TI2000AAA2526,05AAECK5765H1ZE
19041020,1,60,VPRM250025,16-06-2025,5,KANHA JI DISTRIBUTORS,MURMURA 500 GM - T,मुरमुरा 500 ग्राम,11-06-2026,16-07-2025,1090.95,2.5,2.5,0,TI2000AAA2526,05AAECK5765H1ZE
30049011,25,105,AAGC250028,01-04-2025,5,KANHA JI DISTRIBUTORS,DIVYA ASHWAGANDHA CHURNA - 100 GM,दिव्य अश्वगंधा चूर्ण 100 ग्राम,31-03-2027,16-07-2025,1968.84,2.5,2.5,0,TI2000AAA2526,05AAECK5765H1ZE
11010000,28,38,PDR8250031,16-06-2025,5,KANHA JI DISTRIBUTORS,SOOJI - 500 GM,सूजी 500 ग्राम,14-10-2025,16-07-2025,820.85,2.5,2.5,0,TI2000AAA2526,05AAECK5765H1ZE
11010000,2,38,PDR8250032,20-06-2025,5,KANHA JI DISTRIBUTORS,SOOJI - 500 GM,सूजी 500 ग्राम,18-10-2025,16-07-2025,58.63,2.5,2.5,0,TI2000AAA2526,05AAECK5765H1ZE
48201090,1,350,2500000038,27-06-2025,12,KANHA JI DISTRIBUTORS,GYANPATH OPTICLEAR 75 GSM A4,ज्ञानपथ ऑप्टिक्लियर 75 जीएसएम ए4,27-05-2026,16-07-2025,1976.02,6,6,0,TI2000AAA2526,05AAECK5765H1ZE
30049011,1,360,ACZ2400023,09-12-2024,12,KANHA JI DISTRIBUTORS,SPECIAL CHYAWANPRASH 1 KG,विशेष च्यवनप्राश 1 किग्रा,24-11-2027,16-07-2025,2928.65,6,6,0,TI2000AAA2526,05AAECK5765H1ZE
8112010,1,90,ABLX250045,05-06-2025,5,KANHA JI DISTRIBUTORS,AMLA CANDY 250 G,आंवला कैंडी 250 ग्राम,05-06-2026,16-07-2025,1554.72,2.5,2.5,0,TI2000AAA2526,05AAECK5765H1ZE
10063020,1,140,E7E2500003,14-06-2025,5,KANHA JI DISTRIBUTORS,BROWN BASMATI RICE POUCH 1 KG,भूरा बासमती चावल पाउच 1 किग्रा,14-05-2027,21-08-2025,1966.86,2.5,2.5,0,TI2602AAA2526,05AAECK5765H1ZE
10063020,1,130,EKM2500005,09-05-2025,5,KANHA JI DISTRIBUTORS,BASMATI RICE 1 KG(SILVER) - (NEW),बासमती चावल 1 किग्रा (सिल्वर) (नया),09-04-2027,21-08-2025,1637.58,2.5,2.5,0,TI2602AAA2526,05AAECK5765H1ZE
30049011,1,150,ACCT250076,05-07-2025,12,KANHA JI DISTRIBUTORS,AMLA JUICE 1 L (NEW),आंवला रस 1 लीटर (नया),05-07-2026,21-08-2025,1263.38,6,6,0,TI2602AAA2526,05AAECK5765H1ZE
19054000,1,50,GB25/SGB,07-07-2025,5,KANHA JI DISTRIBUTORS,SUJI ELAICHI RUSK 300 GM - T,सूजी इलायची रस्क 300 ग्राम,04-12-2025,21-08-2025,1028.16,2.5,2.5,0,TI2602AAA2526,05AAECK5765H1ZE
17011410,1,85,AHG2500154,08-07-2025,5,KANHA JI DISTRIBUTORS,MADHURAM 1 KG,मधुरम गुड़ पाउडर 1 किग्रा,08-07-2026,21-08-2025,2181.38,2.5,2.5,0,TI2602AAA2526,05AAECK5765H1ZE
15149920,1,205,N1B2500104,11-08-2025,5,KANHA JI DISTRIBUTORS,MUSTARD OIL 1 L (B)-T,सरसों का तेल 1 लीटर,06-08-2026,21-08-2025,2188.25,2.5,2.5,0,TI2602AAA2526,05AAECK5765H1ZE
15149920,3,195,N2B2500058,25-07-2025,5,KANHA JI DISTRIBUTORS,MUSTARD OIL 1 L (P)-T,सरसों का तेल 1 लीटर,20-07-2026,21-08-2025,6241.66,2.5,2.5,0,TI2602AAA2526,05AAECK5765H1ZE
30049011,1,145,AJN250021,14-06-2025,5,KANHA JI DISTRIBUTORS,DIVYA ARJUNARISHTA - 450ML,दिव्य अर्जुनारिष्ट 450 मि.ली.,14-05-2035,21-08-2025,1885.05,2.5,2.5,0,TI2602AAA2526,05AAECK5765H1ZE
30049011,1,90,PFY2500012,02-07-2025,12,KANHA JI DISTRIBUTORS,GILOY JUICE 500 ML,गिलोय रस 500 मि.ली.,02-07-2026,21-08-2025,775.23,6,6,0,TI2602AAA2526,05AAECK5765H1ZE
15149920,1,195,N2B2500058,25-07-2025,5,KANHA JI DISTRIBUTORS,MUSTARD OIL 1 L (P)-T,सरसों का तेल 1 लीटर,20-07-2026,21-08-2025,2080.55,2.5,2.5,0,TI2602AAA2526,05AAECK5765H1ZE
15079010,1,165,BR2B250013,08-07-2025,5,KANHA JI DISTRIBUTORS,FORTIFIED SOYABEAN OIL 1 LTR (P) - T,फोर्टिफाइड सोयाबीन तेल 1 लीटर,04-04-2026,21-08-2025,1777.36,2.5,2.5,0,TI2602AAA2526,05AAECK5765H1ZE
30049011,1,220,ACCR250072,05-06-2025,12,KANHA JI DISTRIBUTORS,ALOEVERA JUICE WITH FIBER 1 L (NEW),एलोवेरा रस (फाइबर युक्त) 1 लीटर (नया),02-03-2026,21-08-2025,1852.97,6,6,0,TI2602AAA2526,05AAECK5765H1ZE
19021900,1,45,BVR4060725,06-07-2025,5,KANHA JI DISTRIBUTORS,VERMICELLI ROASTED 400 GM - T,भुनी हुई सेवईं 400 ग्राम,01-07-2026,21-08-2025,1641.09,2.5,2.5,0,TI2602AAA2526,05AAECK5765H1ZE
8029000,1,485,AALI250040,25-07-2025,5,KANHA JI DISTRIBUTORS,MAKHANA 250 GM,मखाना 250 ग्राम,21-05-2026,21-08-2025,6960.24,2.5,2.5,0,TI2602AAA2526,05AAECK5765H1ZE
15155091,2,260,JACQ250065,05-08-2025,5,KANHA JI DISTRIBUTORS,SESAME OIL 1 L (B)-T,तिल का तेल 1 लीटर,02-05-2026,21-08-2025,5056.6,2.5,2.5,0,TI2602AAA2526,05AAECK5765H1ZE
11010000,1,180,AHV2500027,12-08-2025,5,KANHA JI DISTRIBUTORS,NAVRATNA ATTA 2 KG,नवरत्न आटा 2 किग्रा,08-02-2026,21-08-2025,3083.66,2.5,2.5,0,TI2602AAA2526,05AAECK5765H1ZE
10063090,1,720,E6M2400006,24-08-2024,5,KANHA JI DISTRIBUTORS,SHAKTI RICE XXL MINI MOGRA-2 10 KG (T),शक्ति चावल XXL मिनी मोगरा-2 10 किग्रा,14-08-2026,21-08-2025,1491.04,2.5,2.5,0,TI2602AAA2526,05AAECK5765H1ZE
30049011,1,60,AGDA250032,05-07-2025,12,KANHA JI DISTRIBUTORS,DIVYA GODHAN ARK - 450ML,दिव्य गोधन अर्क 450 मि.ली.,05-06-2026,21-08-2025,900,6,6,0,TI2602AAA2526,05AAECK5765H1ZE
19053100,1,5,H225/BP1,02-08-2025,18,KANHA JI DISTRIBUTORS,CREAMFEAST CHOCO BISCUIT 32.5 GM,क्रीमफीस्ट चोको बिस्किट 32.5 ग्राम,29-01-2026,21-08-2025,613.41,9,9,0,TI2602AAA2526,05AAECK5765H1ZE
33061020,1,295,AAPW250021,24-07-2025,18,KANHA JI DISTRIBUTORS,DANT KANTI NATURAL(200GX3)BIG SAVER PACK,दंत कान्ति नेचुरल (200 ग्राम × 3) बड़ा बचत पैक,14-07-2027,21-08-2025,5961.93,9,9,0,TI2602AAA2526,05AAECK5765H1ZE
33061020,1,63,AAQA250077,15-07-2025,18,KANHA JI DISTRIBUTORS,DANT KANTI NATURAL TOOTHPASTE 100 GM,दंत कान्ति नेचुरल टूथपेस्ट 100 ग्राम,05-07-2027,21-08-2025,7724.56,9,9,0,TI2602AAA2526,05AAECK5765H1ZE
9109100,1,65,AFI2500016,26-06-2025,5,KANHA JI DISTRIBUTORS,SABZI MASALA 100 GM (30 pcs),सब्जी मसाला 100 ग्राम (30 नग),26-06-2026,21-08-2025,1261.56,2.5,2.5,0,TI2602AAA2526,05AAECK5765H1ZE
30049011,1,90,PFY2500014,30-07-2025,12,KANHA JI DISTRIBUTORS,GILOY JUICE 500 ML,गिलोय रस 500 मि.ली.,30-07-2026,21-08-2025,775.23,6,6,0,TI2602AAA2526,05AAECK5765H1ZE
30049011,20,40,BANT250012,10-06-2025,5,KANHA JI DISTRIBUTORS,DIVYA ANU TAILA 20 ML (110 PCS) -T,दिव्य अनुतैल 20 मि.ली. (110 नग),10-05-2028,21-08-2025,599.98,2.5,2.5,0,TI2603AAA2526,05AAECK5765H1ZE
4021090,12,235,BLB2500007,05-07-2025,5,KANHA JI DISTRIBUTORS,COWS WHOLE MILK POWDER 500-GM,गाय का पूर्ण दूध पाउडर 500 ग्राम,05-12-2025,21-08-2025,2405.47,2.5,2.5,0,TI2603AAA2526,05AAECK5765H1ZE
30049011,10,200,ABEE250061,03-07-2025,5,KANHA JI DISTRIBUTORS,SHATAVAR CHURNA 100G (Ayu.Medicine),शतावरी चूर्ण 100 ग्राम (आयुर्वेदिक औषधि),03-06-2026,21-08-2025,1439.59,2.5,2.5,0,TI2603AAA2526,05AAECK5765H1ZE
30049011,25,40,ATPC250076,01-07-2025,5,KANHA JI DISTRIBUTORS,TRIPHALA CHURNA -100GM,त्रिफला चूर्ण 100 ग्राम,01-06-2027,21-08-2025,749.97,2.5,2.5,0,TI2603AAA2526,05AAECK5765H1ZE
30049011,20,43,BCPV250085,21-05-2025,5,KANHA JI DISTRIBUTORS,CHANDRAPRABHA VATI - 40 TAB,चंद्रप्रभा वटी 40 टैबलेट,21-04-2030,21-08-2025,716.73,2.5,2.5,0,TI2603AAA2526,05AAECK5765H1ZE
30049011,20,40,BTPG250017,30-04-2025,5,KANHA JI DISTRIBUTORS,DIVYA TRIPHALA GUGGUL- 40 TAB,दिव्य त्रिफला गुग्गुल 40 टैबलेट,31-03-2030,21-08-2025,666.75,2.5,2.5,0,TI2603AAA2526,05AAECK5765H1ZE
30049011,10,75,ADKT250014,15-04-2025,12,KANHA JI DISTRIBUTORS,DIVYA KANTHAMRIT CHEWABLE TABLET 80 N -T,दिव्य कंठामृत चबाने योग्य टैबलेट 80 नग,15-03-2028,21-08-2025,562.53,6,6,0,TI2603AAA2526,05AAECK5765H1ZE
30049011,10,40,ADKT250015,21-05-2025,12,KANHA JI DISTRIBUTORS,DIVYA KANTHAMRIT CHEWABLE TABLET 40 N -T,दिव्य कंठामृत चबाने योग्य टैबलेट 40 नग,21-04-2028,21-08-2025,300.04,6,6,0,TI2603AAA2526,05AAECK5765H1ZE
9024090,24,60,BBNC250014,17-06-2025,5,KANHA JI DISTRIBUTORS,OORJA TEA - 250 GM (POLY) - T,ऊर्जा चाय 250 ग्राम (पॉली पैक),17-06-2026,21-08-2025,1189.94,2.5,2.5,0,TI2603AAA2526,05AAECK5765H1ZE
30049011,25,45,BAMC250036,21-07-2025,5,KANHA JI DISTRIBUTORS,DIVYA AMLA CHURNA - 100 GM,दिव्य आंवला चूर्ण 100 ग्राम,21-06-2027,21-08-2025,937.39,2.5,2.5,0,TI2603AAA2526,05AAECK5765H1ZE
33061010,10,110,AMC2500014,04-08-2025,12,KANHA JI DISTRIBUTORS,ADVANCE DANT KANTI MANJAN - 100 GM,एडवांस दंत कान्ति मंजन 100 ग्राम,26-01-2027,21-08-2025,957.15,6,6,0,TI2603AAA2526,05AAECK5765H1ZE
30049011,20,300,BDNK250005,19-05-2025,12,KANHA JI DISTRIBUTORS,DIVYA NARI KANTI 3 U X 20 N-T,दिव्य नारी कान्ति 3 यूनिट × 20 नग,19-04-2028,21-08-2025,4999.9,6,6,0,TI2603AAA2526,05AAECK5765H1ZE
30049011,20,255,BDRT250013,10-06-2025,12,KANHA JI DISTRIBUTORS,Divya Renogrit 3 U X 20 N -T,दिव्य रेनोग्रिट 3 यूनिट × 20 नग,10-05-2028,21-08-2025,4249.95,6,6,0,TI2603AAA2526,05AAECK5765H1ZE
20079990,3,200,ADR2500034,07-07-2025,12,KANHA JI DISTRIBUTORS,AMLA MURABBA 1 KG,आंवला मुरब्बा 1 किग्रा,07-07-2026,21-08-2025,478.53,6,6,0,TI2603AAA2526,05AAECK5765H1ZE
30049011,25,35,BMVR210003,01-07-2021,5,KANHA JI DISTRIBUTORS,Mahavat Vidhvansan Ras 5 Gm,महावत विध्वंसन रस 5 ग्राम,10-05-2031,21-08-2025,729.23,2.5,2.5,0,TI2603AAA2526,05AAECK5765H1ZE
30049011,20,80,AGKK250025,05-07-2025,12,KANHA JI DISTRIBUTORS,DIVYA GOKHRU KWATH 100 GM (JAR)-T,दिव्य गोखरू क्वाथ 100 ग्राम (जार),05-06-2027,21-08-2025,1333.25,6,6,0,TI2603AAA2526,05AAECK5765H1ZE
30049011,40,20,AAST250034,02-07-2025,12,KANHA JI DISTRIBUTORS,DRISHTI EYE DROP 10 ML (NEW),दृष्टि नेत्र ड्रॉप 10 मि.ली. (नया),02-06-2026,21-08-2025,637.95,6,6,0,TI2603AAA2526,05AAECK5765H1ZE
30049011,6,275,ACY2500007,25-06-2025,12,KANHA JI DISTRIBUTORS,BADAM PAK 500 G,बादाम पाक 500 ग्राम,15-06-2027,21-08-2025,1315.98,6,6,0,TI2603AAA2526,05AAECK5765H1ZE
8021100,5,365,AART250025,12-07-2025,12,KANHA JI DISTRIBUTORS,ALMOND (BADAM) 250 GM (MONO),बादाम 250 ग्राम,08-01-2026,21-08-2025,1632.51,6,6,0,TI2603AAA2526,05AAECK5765H1ZE
8013220,2,365,AARW250018,08-07-2025,5,KANHA JI DISTRIBUTORS,CASHEW (KAJU) 250 GM (MONO),काजू 250 ग्राम,04-01-2026,21-08-2025,654.76,2.5,2.5,0,TI2603AAA2526,05AAECK5765H1ZE
30049011,5,1080,ADGG250004,01-08-2025,12,KANHA JI DISTRIBUTORS,DIVYA IMMUNOGRIT GOLD CAPSULE 30 N - T,दिव्य इम्यूनोग्रिट गोल्ड कैप्सूल 30 नग,01-07-2028,21-08-2025,4499.99,6,6,0,TI2603AAA2526,05AAECK5765H1ZE
30049011,10,300,BTGT250014,20-06-2025,12,KANHA JI DISTRIBUTORS,DIVYA THYROGRIT TABLET 60 N - T,दिव्य थायरोग्रिट टैबलेट 60 नग,20-05-2028,21-08-2025,2250,6,6,0,TI2603AAA2526,05AAECK5765H1ZE
30049011,10,480,APGT250027,02-08-2025,12,KANHA JI DISTRIBUTORS,DIVYA PEEDANIL GOLD TABLET (100 PC) - T,दिव्य पीड़ानिल गोल्ड टैबलेट (100 नग),01-07-2028,21-08-2025,3600,6,6,0,TI2603AAA2526,05AAECK5765H1ZE
30049011,10,130,BSHS250005,30-06-2025,5,KANHA JI DISTRIBUTORS,DIVYA SHILAJEET SAT - 20 G,दिव्य शिलाजीत सत 20 ग्राम,31-05-2030,21-08-2025,1083.29,2.5,2.5,0,TI2603AAA2526,05AAECK5765H1ZE
29142922,5,500,ABEB250004,28-04-2025,18,DEEPAK TRADERS,AASTHA BHIMSENI KAPOOR-200G FREEGANGAJAL,आस्था भीमसेनी कपूर 200 ग्राम (फ्री गंगाजल),28-03-2027,03-08-2025,1552.05,9,9,0,TI30219AAA2526,05AELPS3782C1ZD
22019090,7,0,ABEQ250001,28-01-2025,18,DEEPAK TRADERS,AASTHA GANGAJAL -100 ML,आस्था गंगाजल 100 मि.ली.,02-01-2030,03-08-2025,0,9,9,0,TI30219AAA2526,05AELPS3782C1ZD
34029011,1,70,AM92500053,24-06-2025,18,KANHA JI DISTRIBUTORS,HERBAL WASH DETERGENT POWDER 1 KG,हर्बल वॉश डिटर्जेंट पाउडर 1 किग्रा,23-06-2030,04-09-2025,1517.48,9,9,0,TI2882AAA2526,05AAECK5765H1ZE
34029011,1,85,AN52500033,12-08-2025,18,KANHA JI DISTRIBUTORS,HERBO WASH DETERGENT POWDER 1 KG,हर्बो वॉश डिटर्जेंट पाउडर 1 किग्रा,11-08-2030,04-09-2025,1842.87,9,9,0,TI2882AAA2526,05AAECK5765H1ZE
17011420,1,110,AARQ250067,20-08-2025,5,KANHA JI DISTRIBUTORS,KHAND 1 KG,खांड 1 किग्रा,20-08-2026,04-09-2025,2697.03,2.5,2.5,0,TI2882AAA2526,05AAECK5765H1ZE
19022090,2,12,DM220825,22-08-2025,12,KANHA JI DISTRIBUTORS,ATTA NOODLES DESI MASALA 60 GM (96 PC)-T,आटा नूडल्स देसी मसाला 60 ग्राम (96 नग),19-05-2026,04-09-2025,1845.04,6,6,0,TI2882AAA2526,05AAECK5765H1ZE
19022090,1,48,CHF180525,18-05-2025,12,KANHA JI DISTRIBUTORS,ATTA NOODLES CHATPATA FAMILY PACK 240 GM,आटा नूडल्स चटपटा फैमिली पैक 240 ग्राम,12-02-2026,04-09-2025,902.36,6,6,0,TI2882AAA2526,05AAECK5765H1ZE
34011941,2,10,AAXY250179,19-08-2025,18,KANHA JI DISTRIBUTORS,SUPER DISHWASH BAR-RS10/- (T.O. FREE 3N),सुपर डिशवॉश बार ₹10/- (ट्रेड ऑफर फ्री 3 नग),18-08-2028,04-09-2025,1039.34,9,9,0,TI2882AAA2526,05AAECK5765H1ZE
15121910,1,175,BR2A250028,25-08-2025,5,KANHA JI DISTRIBUTORS,FORTIFIED SUNFLOWER OIL 1 LTR (P) - T,फोर्टिफाइड सूरजमुखी तेल 1 लीटर,22-05-2026,04-09-2025,1885.09,2.5,2.5,0,TI2882AAA2526,05AAECK5765H1ZE
30049011,1,85,BSSP250030,10-07-2025,12,KANHA JI DISTRIBUTORS,DIVYA SWASARI PRAVAHI - 250 ML - T,दिव्य स्वासारी प्रवाही 250 मि.ली.,10-06-2028,04-09-2025,2635.14,6,6,0,TI2882AAA2526,05AAECK5765H1ZE
25010010,1,22,BS-25/04,01-04-2025,0,KANHA JI DISTRIBUTORS,IODIZED NAMAK 1 KG (NEW) - T,आयोडीन युक्त नमक 1 किग्रा (नया),22-03-2027,04-09-2025,310,0,0,0,TI2882AAA2526,05AAECK5765H1ZE
11031900,1,50,PDCQ250063,18-08-2025,5,KANHA JI DISTRIBUTORS,PUSHTAHAR DALIA 500 G,पुष्टाहार दलिया 500 ग्राम,15-05-2026,04-09-2025,1254.96,2.5,2.5,0,TI2882AAA2526,05AAECK5765H1ZE
30049011,1,90,A8B2500076,01-07-2025,12,KANHA JI DISTRIBUTORS,LIVAMRIT SYRUP - 200 ML,लिवामृत सिरप 200 मि.ली.,01-06-2027,04-09-2025,2325.77,6,6,0,TI2882AAA2526,05AAECK5765H1ZE
11010000,2,440,PDCDR25004,26-07-2025,5,KANHA JI DISTRIBUTORS,TRADITIONALWHOLE WHEAT ATTA10KG(10*3)UK,पारंपरिक गेहूं का आटा 10 किग्रा (10×3) (यूके),23-11-2025,04-09-2025,2367.92,2.5,2.5,0,TI2882AAA2526,05AAECK5765H1ZE
11010000,1,230,PDCDS25003,08-08-2025,5,KANHA JI DISTRIBUTORS,TRADITIONAL WHOLE WHEAT ATTA5KG(5*6)UK,पारंपरिक गेहूं का आटा 5 किग्रा (5×6) (यूके),06-12-2025,04-09-2025,1237.76,2.5,2.5,0,TI2882AAA2526,05AAECK5765H1ZE
15149920,2,163,OCDH250005,31-07-2025,5,KANHA JI DISTRIBUTORS,PATANJALI MUSTARD OIL 770 GM PP,पतंजलि सरसों का तेल 770 ग्राम पीपी,31-07-2026,04-09-2025,3455.77,2.5,2.5,0,TI2882AAA2526,05AAECK5765H1ZE
17011490,1,70,BAGQ250053,15-07-2025,5,KANHA JI DISTRIBUTORS,SUGAR 1 KG,चीनी 1 किग्रा,05-07-2027,04-09-2025,1938.83,2.5,2.5,0,TI2882AAA2526,05AAECK5765H1ZE
19053100,1,5,HR25/AV9,23-08-2025,18,KANHA JI DISTRIBUTORS,DOODH BISCUIT 35 GM (200 PC),दूध बिस्किट 35 ग्राम (200 नग),19-02-2026,04-09-2025,851.96,9,9,0,TI2882AAA2526,05AAECK5765H1ZE
19053100,1,5,HE25/BP1,10-08-2025,18,KANHA JI DISTRIBUTORS,CREAMFEAST ELAICHI BISCUIT 32.5 GM,क्रीमफीस्ट इलायची बिस्किट 32.5 ग्राम,06-02-2026,04-09-2025,613.41,9,9,0,TI2882AAA2526,05AAECK5765H1ZE
30049011,1,35,AARK250046,02-08-2025,5,KANHA JI DISTRIBUTORS,DIVYA ARJUN KWATH 100G,दिव्य अर्जुन क्वाथ 100 ग्राम,02-07-2027,04-09-2025,1458.45,2.5,2.5,0,TI2882AAA2526,05AAECK5765H1ZE
30049011,20,45,BAKV250069,25-07-2025,12,KANHA JI DISTRIBUTORS,DIVYA ARSHKALP VATI - 40 TAB,दिव्य अर्शकल्प वटी 40 टैबलेट,24-06-2028,04-09-2025,749.95,6,6,0,TI2882AAA2526,05AAECK5765H1ZE
30049011,5,475,ABFF250031,16-06-2025,5,KANHA JI DISTRIBUTORS,SWET MUSHLI CHURNA 100G (Ayu.Medicine),श्वेत मूसली चूर्ण 100 ग्राम (आयुर्वेदिक औषधि),16-05-2027,04-09-2025,1709.44,2.5,2.5,0,TI2882AAA2526,05AAECK5765H1ZE
33059090,40,20,ANBL250156,20-06-2025,18,KANHA JI DISTRIBUTORS,KESH KANTI HERBAL MEHANDI (NAT. BLACK)-T,केश कान्ति हर्बल मेहंदी (नेचुरल ब्लैक),15-06-2026,04-09-2025,636.73,9,9,0,TI2882AAA2526,05AAECK5765H1ZE
13019013,12,120,CASY250010,07-07-2025,5,KANHA JI DISTRIBUTORS,BANDHANI HING 50 GM (NEW) - T,बंधनी हींग 50 ग्राम (नया),29-12-2026,04-09-2025,972.86,2.5,2.5,0,TI2882AAA2526,05AAECK5765H1ZE
