canonical_name,EXPDATE,Received Qty,Invoice date,Product_MFG DATE,Actual Purchase Rate,max Rate,Conversion unit,sgstrate,SGST_amount,Invoice No,Supplier State,CGST_amount,cgstrate,Batch,cgst,Item Net Amount,Supplier GST,GST Perc,HSN Code,Taxable amount,,mrp,igst,Supplier Name
एलोवेरा फाइबर जूस 1 लीटर,30-11-2025,12,03-04-2025,05-03-2025,131.604166666667,149.55,PCS,6,94.755,TI26AAA2526,UK,107.676,6,PGD2500073,94.76,1768.77,05AAECK5765H1ZE,12,30049011,1579.25,,210,0,KANHA JI DISTRIBUTORS
गिलोय जूस 500 एमएल,07-03-2026,12,03-04-2025,07-03-2025,64.0908333333333,64.09,PCS,6,46.1454,TI26AAA2526,UK,46.1448,6,PFY2500003,46.14,861.37,05AAECK5765H1ZE,12,30049011,769.08,,90,0,KANHA JI DISTRIBUTORS
गाय का घी 1 लीटर,12-12-2025,15,03-04-2025,17-03-2025,555.31,555.31,PCS,6,499.779,TI26AAA2526,UK,499.779,6,FAWC250088,499.78,9329.21,05AAECK5765H1ZE,12,4059020,8329.65,,675,0,KANHA JI DISTRIBUTORS
तिल का तेल 1 लीटर (बी),21-11-2025,12,03-04-2025,24-02-2025,216.095833333333,227.47,PCS,2.5,64.82875,TI26AAA2526,UK,68.241,2.5,JACQ250023,64.83,2722.81,05AAECK5765H1ZE,5,15155091,2593.16,,280,0,KANHA JI DISTRIBUTORS
बाम फास्ट रिलीफ 25 ग्राम,14-01-2028,6,03-04-2025,14-01-2025,213.64,213.64,PCS,6,76.9104,TI26AAA2526,UK,76.9104,6,ABLW250004,76.91,1435.66,05AAECK5765H1ZE,12,30049011,1281.84,,300,0,KANHA JI DISTRIBUTORS
केश रीठा हेयर क्लींजर 180 एमएल,26-02-2027,12,03-04-2025,26-02-2025,79.4208333333333,86.33,PCS,9,85.7745,TI26AAA2526,UK,93.2364,9,ABTZ250002,85.77,1124.59,05AAECK5765H1ZE,18,33051090,953.04,,120,0,KANHA JI DISTRIBUTORS
केश कांति एडवांस हेयर एक्सपर्ट ऑयल 30 एमएल,27-01-2027,12,03-04-2025,27-01-2025,59.3008333333333,69.76,PCS,9,64.0449,TI26AAA2526,UK,75.3408,9,ABHX250001,64.04,839.69,05AAECK5765H1ZE,18,33059019,711.6,,100,0,KANHA JI DISTRIBUTORS
केश कांति एडवांस हेयर एक्सपर्ट ऑयल 100 एमएल,14-02-2027,12,03-04-2025,24-02-2025,245.560833333333,279.05,PCS,9,265.2057,TI26AAA2526,UK,301.374,9,AATV250002,265.2,3477.13,05AAECK5765H1ZE,18,33059019,2946.72,,400,0,KANHA JI DISTRIBUTORS
एंटी रिंकल क्रीम 50 ग्राम,09-01-2027,24,03-04-2025,09-01-2025,99.2704166666667,107.9,PCS,9,214.4241,TI26AAA2526,UK,233.064,9,AAR2500001,214.42,2811.33,05AAECK5765H1ZE,18,33049910,2382.48,,150,0,KANHA JI DISTRIBUTORS
बोरोसेफ एंटिसेप्टिक क्रीम 50 ग्राम,10-12-2026,24,03-04-2025,20-12-2024,31.0804166666667,32.37,PCS,9,67.1337,TI26AAA2526,UK,69.9192,9,AJG2400006,67.13,880.19,05AAECK5765H1ZE,18,33049910,745.92,,45,0,KANHA JI DISTRIBUTORS
दिव्य स्वासारी प्रवाही 250 एमएल,31-12-2027,20,03-04-2025,15-01-2025,60.0795,63.24,PCS,6,72.0954,TI26AAA2526,UK,75.888,6,BSSP250010,72.1,1345.79,05AAECK5765H1ZE,12,30049011,1201.6,,85,0,KANHA JI DISTRIBUTORS
केश कांति सरसों आँवला हेयर ऑयल 175 एमएल,12-02-2027,24,03-04-2025,22-02-2025,45.2,45.2,PCS,9,97.632,TI26AAA2526,UK,97.632,9,AAVR240003,97.63,1280.06,05AAECK5765H1ZE,18,33059019,1084.8,,60,0,KANHA JI DISTRIBUTORS
केश कांति बादाम हेयर ऑयल 200 एमएल,26-02-2027,24,03-04-2025,26-02-2025,87.9004166666667,93.51,PCS,9,189.8649,TI26AAA2526,UK,201.9816,9,ABQQ250003,189.86,2489.33,05AAECK5765H1ZE,18,33059019,2109.6,,130,0,KANHA JI DISTRIBUTORS
लौहासव 450 एमएल,16-12-2034,20,26-03-2025,06-02-2025,74.4,74.4,PCS,6,89.28,TI6786AAA2425,UK,89.28,6,ABC2500004,89.28,1666.56,05AAECK5765H1ZE,12,30049011,1488,,100,0,KANHA JI DISTRIBUTORS
पारम्परिक गेहूँ का आटा 5 किलो (यूके),07-06-2025,8,26-03-2025,07-02-2025,192.2,192.2,PCS,2.5,38.44,TI6786AAA2425,UK,38.44,2.5,PDBKQ25004,38.44,1614.48,05AAECK5765H1ZE,5,11010000,1537.6,,225,0,KANHA JI DISTRIBUTORS
पारम्परिक गेहूँ का आटा 10 किलो,17-07-2025,5,26-03-2025,19-03-2025,410.022,410.02,PCS,2.5,51.25275,TI6786AAA2425,UK,51.2525,2.5,PDV4250011,51.25,2152.61,05AAECK5765H1ZE,5,11010000,2050.1,,480,0,KANHA JI DISTRIBUTORS
दिव्य अर्जुनारिष्ट 450 एमएल,04-12-2034,20,26-03-2025,25-01-2025,89.7645,115.08,PCS,2.5,44.88225,TI6786AAA2425,UK,57.54,2.5,AJN250005,44.88,1885.05,05AAECK5765H1ZE,5,30049011,1795.28,,145,0,KANHA JI DISTRIBUTORS
दिव्य दशमूलारिष्ट 450 एमएल,18-02-2035,20,26-03-2025,20-02-2025,99.0435,126.98,PCS,2.5,49.52175,TI6786AAA2425,UK,63.49,2.5,DSM250002,49.52,2079.91,05AAECK5765H1ZE,5,30049011,1980.86,,160,0,KANHA JI DISTRIBUTORS
सब्जी मसाला 100 ग्राम,19-02-2026,30,26-03-2025,19-02-2025,42.28,44.51,PCS,2.5,31.71,TI6786AAA2425,UK,33.3825,2.5,AFI2500006,31.71,1331.82,05AAECK5765H1ZE,5,9109100,1268.4,,65,0,KANHA JI DISTRIBUTORS
दलिया 500 ग्राम,19-06-2025,30,26-03-2025,19-02-2025,27.6196666666667,27.62,PCS,2.5,20.71475,TI6786AAA2425,UK,20.715,2.5,PDCS250048,20.72,870.03,05AAECK5765H1ZE,5,11031900,828.6,,34,0,KANHA JI DISTRIBUTORS
आँवला जूस 1 लीटर,25-02-2026,12,26-03-2025,25-02-2025,87.7366666666667,99.7,PCS,6,63.1704,TI6786AAA2425,UK,71.784,6,AGH2500038,63.17,1179.18,05AAECK5765H1ZE,12,30049011,1052.84,,140,0,KANHA JI DISTRIBUTORS
करेला-जामुन जूस 500 एमएल,11-03-2026,12,26-03-2025,11-03-2025,106.82,106.82,PCS,6,76.9104,TI6786AAA2425,UK,76.9104,6,ABPB250005,76.91,1435.66,05AAECK5765H1ZE,12,30049011,1281.84,,150,0,KANHA JI DISTRIBUTORS
राइस ब्रान तेल 1 लीटर (पाउच),13-12-2025,12,26-03-2025,18-03-2025,142.380833333333,142.38,PCS,2.5,42.71425,TI6786AAA2425,UK,42.714,2.5,ORE2500019,42.71,1793.99,05AAECK5765H1ZE,5,15159040,1708.56,,165,0,KANHA JI DISTRIBUTORS
फोर्टिफाइड सूरजमुखी तेल 1 लीटर (पाउच),25-11-2025,12,26-03-2025,28-02-2025,149.610833333333,149.61,PCS,2.5,44.88325,TI6786AAA2425,UK,44.883,2.5,BR2A250007,44.88,1885.09,05AAECK5765H1ZE,5,15121910,1795.32,,175,0,KANHA JI DISTRIBUTORS
साबूदाना 500 ग्राम,09-09-2025,20,26-03-2025,13-03-2025,56.8695,56.87,PCS,2.5,28.43475,TI6786AAA2425,UK,28.435,2.5,AALX250012,28.44,1194.27,05AAECK5765H1ZE,5,19030000,1137.4,,70,0,KANHA JI DISTRIBUTORS
पोहा 1 किलो,13-08-2025,20,26-03-2025,14-02-2025,70.76,70.76,PCS,2.5,35.38,TI6786AAA2425,UK,35.38,2.5,BPRP250012,35.38,1485.96,05AAECK5765H1ZE,5,19041020,1415.2,,85,0,KANHA JI DISTRIBUTORS
दिव्य गोखुरु काढ़ा 100 ग्राम (जार),10-02-2027,10,26-03-2025,20-02-2025,59.52,59.52,PCS,6,35.712,TI6786AAA2425,UK,35.712,6,AGKK250007,35.71,666.62,05AAECK5765H1ZE,12,30049011,595.2,,80,0,KANHA JI DISTRIBUTORS
अश्वशिला 11 ग्राम (स्ट्रिप),17-01-2027,20,26-03-2025,27-01-2025,64.093,71.21,PCS,6,76.9116,TI6786AAA2425,UK,85.452,6,AASP250005,76.91,1435.68,05AAECK5765H1ZE,12,30049011,1281.86,,100,0,KANHA JI DISTRIBUTORS
अश्वगंधा 11 ग्राम (स्ट्रिप),05-01-2027,20,26-03-2025,15-01-2025,57.6825,64.09,PCS,6,69.219,TI6786AAA2425,UK,76.908,6,AASZ250005,69.22,1292.09,05AAECK5765H1ZE,12,30049011,1153.65,,90,0,KANHA JI DISTRIBUTORS
दिव्य अश्वगंधा चूर्ण 100 ग्राम,21-01-2027,25,26-03-2025,31-01-2025,81.6704,83.34,PCS,2.5,51.044,TI6786AAA2425,UK,52.0875,2.5,AAGC250007,51.04,2143.84,05AAECK5765H1ZE,5,30049011,2041.75,,105,0,KANHA JI DISTRIBUTORS
नवरत्न आटा 2 किलो,07-09-2025,20,16-04-2025,11-03-2025,149.1475,149.15,PCS,2.5,74.57375,TI284AAA2526,UK,74.575,2.5,AHV2500009,74.57,3132.09,05AAECK5765H1ZE,5,11010000,2982.94,,180,0,KANHA JI DISTRIBUTORS
पारम्परिक गेहूँ का आटा 5 किलो,11-07-2025,8,16-04-2025,13-03-2025,207.14375,207.14,PCS,2.5,41.42875,TI284AAA2526,UK,41.428,2.5,PDV5250017,41.43,1740.01,05AAECK5765H1ZE,5,11010000,1657.15,,250,0,KANHA JI DISTRIBUTORS
पारम्परिक गेहूँ का आटा 10 किलो,20-07-2025,5,16-04-2025,22-03-2025,397.722,397.72,PCS,2.5,49.71525,TI284AAA2526,UK,49.715,2.5,PDV4250014,49.71,2088.03,05AAECK5765H1ZE,5,11010000,1988.6,,480,0,KANHA JI DISTRIBUTORS
सरसों का तेल 1 लीटर (पाउच),05-03-2026,24,16-04-2025,10-03-2025,151.009583333333,151.01,PCS,2.5,90.60575,TI284AAA2526,UK,90.606,2.5,N2B2500023,90.61,3805.45,05AAECK5765H1ZE,5,15149920,3624.24,,175,0,KANHA JI DISTRIBUTORS
एलोवेरा फाइबर जूस 1 लीटर,07-12-2025,12,16-04-2025,12-03-2025,131.604166666667,131.6,PCS,6,94.755,TI284AAA2526,UK,94.752,6,PGD2500086,94.76,1768.77,05AAECK5765H1ZE,12,30049011,1579.25,,210,0,KANHA JI DISTRIBUTORS
सुपर डिशवॉश बार 225 ग्राम (ऑफर),15-03-2028,24,16-04-2025,16-03-2025,47.56,51.88,PCS,9,102.7296,TI284AAA2526,UK,112.0608,9,AAXW250018,102.73,1346.9,05AAECK5765H1ZE,18,34011990,1141.44,,72,0,KANHA JI DISTRIBUTORS
एलोवेरा मिक्स्ड फ्रूट जैम 500 ग्राम,18-02-2026,12,16-04-2025,18-02-2025,51.57,51.57,PCS,6,37.1304,TI284AAA2526,UK,37.1304,6,B1O2500002,37.13,693.1,05AAECK5765H1ZE,12,20079990,618.84,,70,0,KANHA JI DISTRIBUTORS
दिव्य गंधक रसायन 50 ग्राम,10-04-2026,25,16-04-2025,10-04-2024,15.87,15.87,PCS,2.5,9.91875,TI285AAA2526,UK,9.91875,2.5,BGDR240001,9.92,416.59,05AAECK5765H1ZE,5,30049011,396.75,,20,0,KANHA JI DISTRIBUTORS
आरोग्यवर्धिनी वटी 80 टैबलेट,03-01-2030,20,16-04-2025,29-01-2025,47.62,47.62,PCS,2.5,23.81,TI285AAA2526,UK,23.81,2.5,BAVV250002,23.81,1000.02,05AAECK5765H1ZE,5,30049011,952.4,,60,0,KANHA JI DISTRIBUTORS
पुष्यानुग चूर्ण 100 ग्राम,30-11-2026,25,16-04-2025,10-12-2024,55.5596,55.56,PCS,2.5,34.72475,TI285AAA2526,UK,34.725,2.5,APNC240005,34.73,1458.45,05AAECK5765H1ZE,5,30049011,1389,,70,0,KANHA JI DISTRIBUTORS
योगराज गुग्गुल 40 टैबलेट,10-12-2029,20,16-04-2025,05-01-2025,31.7495,31.75,PCS,2.5,15.87475,TI285AAA2526,UK,15.875,2.5,BYRG250001,15.88,666.75,05AAECK5765H1ZE,5,30049011,635,,40,0,KANHA JI DISTRIBUTORS
दिव्य कुटजघन वटी 80 टैबलेट (500 मिग्रा),16-01-2028,20,16-04-2025,31-01-2025,95.24,95.24,PCS,2.5,47.62,TI285AAA2526,UK,47.62,2.5,BKJV250002,47.62,2000.04,05AAECK5765H1ZE,5,30049011,1904.8,,120,0,KANHA JI DISTRIBUTORS
सोया चंक्स 220 ग्राम,10-03-2026,20,16-04-2025,15-03-2025,40.527,40.53,PCS,6,48.6324,TI285AAA2526,UK,48.636,6,SCP250003,48.63,907.8,05AAECK5765H1ZE,12,21061000,810.53,,55,0,KANHA JI DISTRIBUTORS
खजूर 500 ग्राम,22-09-2025,4,16-04-2025,26-03-2025,255.58,255.58,PCS,6,61.3392,TI285AAA2526,UK,61.3392,6,AAYC250018,61.34,1145,05AAECK5765H1ZE,12,20019000,1022.32,,320,0,KANHA JI DISTRIBUTORS
दिव्य पीड़ांतक वटी 40 टैबलेट,04-10-2029,20,23-04-2025,30-10-2024,40.9205,40.92,PCS,6,49.1046,TI458AAA2526,UK,49.104,6,BPTV240050,49.1,916.61,05AAECK5765H1ZE,12,30049011,818.4,,55,0,KANHA JI DISTRIBUTORS
दिव्य शिलाजीत सत्व 20 ग्राम,02-02-2030,10,23-04-2025,28-02-2025,103.171,103.17,PCS,2.5,25.79275,TI458AAA2526,UK,25.7925,2.5,BSHS250003,25.79,1083.29,05AAECK5765H1ZE,5,30049011,1031.7,,130,0,KANHA JI DISTRIBUTORS
दिव्य अनुतैल 20 एमएल,16-01-2028,10,23-04-2025,31-01-2025,28.571,29.2,PCS,2.5,7.14275,TI458AAA2526,UK,7.3,2.5,BANT250003,7.14,299.99,05AAECK5765H1ZE,5,30049011,285.7,,40,0,KANHA JI DISTRIBUTORS
टंकन भस्म 5 ग्राम,09-11-2034,25,23-04-2025,31-12-2024,11.9,11.9,PCS,2.5,7.4375,TI458AAA2526,UK,7.4375,2.5,BTKB240023,7.44,312.38,05AAECK5765H1ZE,5,30049011,297.5,,15,0,KANHA JI DISTRIBUTORS
दिव्य महासुदर्शन घनवटी प्लस 60 टैबलेट,26-01-2028,20,23-04-2025,10-02-2025,74.4,74.4,PCS,6,89.28,TI458AAA2526,UK,89.28,6,AMSV250003,89.28,1666.56,05AAECK5765H1ZE,12,30049011,1488,,100,0,KANHA JI DISTRIBUTORS
दिव्य मेदोहर वटी 100 टैबलेट,03-02-2030,25,23-04-2025,01-03-2025,74.4,74.4,PCS,6,111.6,TI458AAA2526,UK,111.6,6,AMHV250010,111.6,2083.2,05AAECK5765H1ZE,12,30049011,1860,,100,0,KANHA JI DISTRIBUTORS
दिव्य मधुगृत 60 नग,19-02-2028,20,23-04-2025,06-03-2025,205.353,205.35,PCS,6,246.4236,TI458AAA2526,UK,246.42,6,BMDT250015,246.42,4599.9,05AAECK5765H1ZE,12,30049011,4107.06,,300,0,KANHA JI DISTRIBUTORS
दिव्य बीपीगृत 60 नग,21-02-2028,20,23-04-2025,08-03-2025,171.1295,171.13,PCS,6,205.3554,TI458AAA2526,UK,205.356,6,ADBP250007,205.35,3833.29,05AAECK5765H1ZE,12,30049011,3422.58,,250,0,KANHA JI DISTRIBUTORS
हेयर कलर डार्क ब्राउन (क्रीम+डेवलपर),24-02-2026,20,23-04-2025,01-03-2025,23.6,23.6,PCS,9,42.48,TI458AAA2526,UK,42.48,9,ACDD250011,42.48,556.96,05AAECK5765H1ZE,18,33059090,472,,35,0,KANHA JI DISTRIBUTORS
दिव्य धारा 10 एमएल,16-01-2028,20,23-04-2025,31-01-2025,30.8015,30.8,PCS,6,36.9618,TI458AAA2526,UK,36.96,6,ADYD250005,36.96,689.95,05AAECK5765H1ZE,12,30049011,616.03,,45,0,KANHA JI DISTRIBUTORS
त्रिफला गुग्गुल 40 टैबलेट,14-11-2029,20,23-04-2025,10-12-2024,31.7495,31.75,PCS,2.5,15.87475,TI458AAA2526,UK,15.875,2.5,BTPG240059,15.88,666.75,05AAECK5765H1ZE,5,30049011,635,,40,0,KANHA JI DISTRIBUTORS
कैशोर गुग्गुल 40 टैबलेट,05-12-2029,20,23-04-2025,31-12-2024,27.78,27.78,PCS,2.5,13.89,TI458AAA2526,UK,13.89,2.5,BKSG240034,13.89,583.38,05AAECK5765H1ZE,5,30049011,555.6,,35,0,KANHA JI DISTRIBUTORS
दिव्य लिवामृत एडवांस 60 नग,13-02-2028,20,23-04-2025,28-02-2025,164.2845,164.28,PCS,6,197.1414,TI458AAA2526,UK,197.136,6,ALAT250014,197.14,3679.97,05AAECK5765H1ZE,12,30049011,3285.69,,240,0,KANHA JI DISTRIBUTORS
गैशर चूर्ण 100 ग्राम,19-02-2027,25,23-04-2025,01-03-2025,71.8696,71.87,PCS,6,107.8044,TI458AAA2526,UK,107.805,6,BGHC250011,107.81,2012.36,05AAECK5765H1ZE,12,30049011,1796.75,,105,0,KANHA JI DISTRIBUTORS
दिव्य पीड़ानिल तैल 100 एमएल,16-01-2028,25,23-04-2025,31-01-2025,58.1804,58.18,PCS,6,87.2706,TI458AAA2526,UK,87.27,6,BDPN250010,87.27,1629.05,05AAECK5765H1ZE,12,30049011,1454.51,,85,0,KANHA JI DISTRIBUTORS
दिव्य ऑर्थोगृत 60 नग,31-01-2028,20,23-04-2025,15-02-2025,241.071,246.43,PCS,6,289.2852,TI458AAA2526,UK,295.716,6,AOTT250013,289.29,5400,05AAECK5765H1ZE,12,30049011,4821.43,,360,0,KANHA JI DISTRIBUTORS
विटामिन बी-समूह कैप्सूल 30,12-02-2027,4,23-04-2025,12-02-2025,164.56,184.9,PCS,9,59.2416,TI458AAA2526,UK,66.564,9,ABRY250002,59.24,776.72,05AAECK5765H1ZE,18,21069099,658.24,,300,0,KANHA JI DISTRIBUTORS
सौंफ साबुत 10 ग्राम,06-03-2026,100,23-04-2025,06-03-2025,6.5,6.84,PCS,2.5,16.25,TI458AAA2526,UK,17.1,2.5,ABKW250003,16.25,682.5,05AAECK5765H1ZE,5,9109100,650,,10,0,KANHA JI DISTRIBUTORS
जौ का दलिया 500 ग्राम,19-09-2025,30,23-04-2025,23-03-2025,44.68,44.68,PCS,2.5,33.51,TI459AAA2526,UK,33.51,2.5,PDCU250016,33.51,1407.42,05AAECK5765H1ZE,5,11031900,1340.4,,55,0,KANHA JI DISTRIBUTORS
दिव्य अश्वगंधारिष्ट 450 एमएल,07-01-2035,20,23-04-2025,28-02-2025,111.112,111.11,PCS,2.5,55.556,TI459AAA2526,UK,55.555,2.5,ASG250004,55.56,2333.36,05AAECK5765H1ZE,5,30049011,2222.24,,175,0,KANHA JI DISTRIBUTORS
गोनाइल फ्लोर क्लीनर 5 लीटर,02-02-2026,4,23-04-2025,07-02-2025,207.7075,237.38,PCS,9,74.7747,TI459AAA2526,UK,85.4568,9,0111/25-26,74.78,980.39,05AAECK5765H1ZE,18,38084000,830.84,,330,0,KANHA JI DISTRIBUTORS
गोनाइल फ्लोर क्लीनर 1 लीटर,21-03-2026,12,23-04-2025,26-03-2025,44.0608333333333,50.35,PCS,9,47.5857,TI459AAA2526,UK,54.378,9,0978/25-26,47.58,623.89,05AAECK5765H1ZE,18,38084000,528.72,,70,0,KANHA JI DISTRIBUTORS
नीम कांति बॉडी क्लींजर 4x45 ग्राम,17-03-2027,54,23-04-2025,17-03-2025,26.9701851851852,29.97,PCS,9,131.0751,TI459AAA2526,UK,145.6542,9,AAWM250004,131.07,1718.53,05AAECK5765H1ZE,18,34011941,1456.38,,40,0,KANHA JI DISTRIBUTORS
गाय का पूरा दूध पाउडर 500 ग्राम,29-08-2025,24,23-04-2025,02-03-2025,190.909583333333,190.91,PCS,2.5,114.54575,TI459AAA2526,UK,114.546,2.5,BLB2500003,114.55,4810.93,05AAECK5765H1ZE,5,4021090,4581.84,,235,0,KANHA JI DISTRIBUTORS
करेला-जामुन जूस 500 एमएल,24-03-2026,12,23-04-2025,24-03-2025,106.82,106.82,PCS,6,76.9104,TI459AAA2526,UK,76.9104,6,ABPB250007,76.91,1435.66,05AAECK5765H1ZE,12,30049011,1281.84,,150,0,KANHA JI DISTRIBUTORS
गुलाब शरबत 750 एमएल,09-04-2026,12,23-04-2025,09-04-2025,78.6833333333333,78.68,PCS,9,84.978,TI459AAA2526,UK,84.9744,9,AGK2500038,84.98,1114.16,05AAECK5765H1ZE,18,21069011,944.2,,140,0,KANHA JI DISTRIBUTORS
आँवला जूस 1 लीटर,25-03-2026,12,23-04-2025,25-03-2025,87.7366666666667,87.74,PCS,6,63.1704,TI459AAA2526,UK,63.1728,6,AGH2500062,63.17,1179.18,05AAECK5765H1ZE,12,30049011,1052.84,,140,0,KANHA JI DISTRIBUTORS
दिव्य गोधान अर्क 450 एमएल,05-03-2026,20,23-04-2025,10-03-2025,41.069,41.07,PCS,6,49.2828,TI459AAA2526,UK,49.284,6,AGDA250013,49.28,919.94,05AAECK5765H1ZE,12,30049011,821.37,,60,0,KANHA JI DISTRIBUTORS
ओट्स 500 ग्राम,07-03-2026,24,23-04-2025,07-03-2025,67.2,67.2,PCS,2.5,40.32,TI459AAA2526,UK,40.32,2.5,BNO070325,40.32,1693.44,05AAECK5765H1ZE,5,11041200,1612.8,,100,0,KANHA JI DISTRIBUTORS
दिव्य पीड़ांतक काढ़ा 100 ग्राम,26-12-2026,50,23-04-2025,05-01-2025,33.48,33.48,PCS,6,100.44,TI459AAA2526,UK,100.44,6,APTK250002,100.44,1874.88,05AAECK5765H1ZE,12,30049011,1674,,45,0,KANHA JI DISTRIBUTORS
फोर्टिफाइड सूरजमुखी तेल 1 लीटर (पाउच),16-01-2026,12,23-04-2025,21-04-2025,149.610833333333,149.61,PCS,2.5,44.88325,TI459AAA2526,UK,44.883,2.5,BR2A250014,44.88,1885.09,05AAECK5765H1ZE,5,15121910,1795.32,,175,0,KANHA JI DISTRIBUTORS
शिकाकाई पाउडर 100 ग्राम,18-03-2027,24,23-04-2025,18-03-2025,43.65,43.65,PCS,2.5,26.19,TI459AAA2526,UK,26.19,2.5,ABNZ250006,26.19,1099.98,05AAECK5765H1ZE,5,12119029,1047.6,,55,0,KANHA JI DISTRIBUTORS
पारम्परिक गेहूँ का आटा 5 किलो,11-07-2025,8,23-04-2025,13-03-2025,209.2775,209.28,PCS,2.5,41.8555,TI459AAA2526,UK,41.856,2.5,PDV5250017,41.86,1757.94,05AAECK5765H1ZE,5,11010000,1674.23,,250,0,KANHA JI DISTRIBUTORS
ब्राउन बासमती चावल 1 किलो (पाउच),30-12-2026,20,08-05-2025,09-01-2025,93.66,93.66,PCS,2.5,46.83,TI724AAA2526,UK,46.83,2.5,E7E2500001,46.83,1966.86,05AAECK5765H1ZE,5,10063020,1873.2,,140,0,KANHA JI DISTRIBUTORS
केश कांति एडवांस हर्बल एक्सपर्ट शैम्पू 100 एमएल,03-04-2027,36,08-05-2025,03-04-2025,73.37,86.32,PCS,9,237.7188,TI724AAA2526,UK,279.6768,9,AAWT250004,237.72,3116.76,05AAECK5765H1ZE,18,33051090,2641.32,,120,0,KANHA JI DISTRIBUTORS
ग्राउंडनट ऑयल 1 लीटर (पाउच),08-01-2026,12,08-05-2025,13-04-2025,159.64,159.64,PCS,2.5,47.892,TI724AAA2526,UK,47.892,2.5,ORQ2500017,47.89,2011.46,05AAECK5765H1ZE,5,15089091,1915.68,,185,0,KANHA JI DISTRIBUTORS
गाय का घी 1 लीटर,19-01-2026,15,08-05-2025,24-04-2025,575.88,575.88,PCS,6,518.292,TI724AAA2526,UK,518.292,6,FAWC250117,518.29,9674.78,05AAECK5765H1ZE,12,4059020,8638.2,,700,0,KANHA JI DISTRIBUTORS
गाय का घी 500 एमएल,26-12-2025,30,08-05-2025,31-03-2025,308.51,308.51,PCS,6,555.318,TI724AAA2526,UK,555.318,6,FAWD250024,555.32,10365.94,05AAECK5765H1ZE,12,4059020,9255.3,,375,0,KANHA JI DISTRIBUTORS
राइस ब्रान तेल 1 लीटर (पाउच),08-01-2026,12,08-05-2025,13-04-2025,142.380833333333,142.38,PCS,2.5,42.71425,TI724AAA2526,UK,42.714,2.5,ORE2500024,42.71,1793.99,05AAECK5765H1ZE,5,15159040,1708.56,,165,0,KANHA JI DISTRIBUTORS
सरसों का तेल 1 लीटर (पाउच),09-04-2026,24,08-05-2025,14-04-2025,151.009583333333,151.01,PCS,2.5,90.60575,TI724AAA2526,UK,90.606,2.5,N2B2500031,90.61,3805.45,05AAECK5765H1ZE,5,15149920,3624.24,,175,0,KANHA JI DISTRIBUTORS
सरसों का तेल 1 लीटर (बी),14-04-2026,12,08-05-2025,19-04-2025,155.319166666667,155.32,PCS,2.5,46.59575,TI724AAA2526,UK,46.596,2.5,N1B2500046,46.6,1957.03,05AAECK5765H1ZE,5,15149920,1863.84,,180,0,KANHA JI DISTRIBUTORS
टमाटर केचप बिना प्याज-लहसुन 950 ग्राम (पाउच),25-11-2025,12,08-05-2025,28-02-2025,88.89,88.89,PCS,6,64.0008,TI724AAA2526,UK,64.0008,6,DQU2500009,64,1194.68,05AAECK5765H1ZE,12,21032000,1066.68,,150,0,KANHA JI DISTRIBUTORS
सेंधा नमक 1 किलो,21-11-2026,25,08-05-2025,01-12-2024,40.36,40.36,PCS,0,0,TI724AAA2526,UK,0,0,SRS24/12,0,1009,05AAECK5765H1ZE,0,25010010,1009,,60,0,KANHA JI DISTRIBUTORS
पारम्परिक गेहूँ का आटा 10 किलो,20-07-2025,5,08-05-2025,22-03-2025,401.818,401.82,PCS,2.5,50.22725,TI724AAA2526,UK,50.2275,2.5,PDV4250014,50.23,2109.55,05AAECK5765H1ZE,5,11010000,2009.1,,480,0,KANHA JI DISTRIBUTORS
एलोवेरा फाइबर जूस 1 लीटर,16-01-2026,12,08-05-2025,21-04-2025,131.604166666667,131.6,PCS,6,94.755,TI724AAA2526,UK,94.752,6,PGD2500136,94.76,1768.77,05AAECK5765H1ZE,12,30049011,1579.25,,210,0,KANHA JI DISTRIBUTORS
करेला-जामुन जूस 500 एमएल,14-04-2026,12,08-05-2025,14-04-2025,106.82,106.82,PCS,6,76.9104,TI724AAA2526,UK,76.9104,6,ABPB250009,76.91,1435.66,05AAECK5765H1ZE,12,30049011,1281.84,,150,0,KANHA JI DISTRIBUTORS
गोनाइल फ्लोर क्लीनर 5 लीटर,02-02-2026,4,08-05-2025,07-02-2025,237.3775,237.38,PCS,9,85.4559,TI724AAA2526,UK,85.4568,9,0111/25-26,85.46,1120.43,05AAECK5765H1ZE,18,38084000,949.52,,330,0,KANHA JI DISTRIBUTORS
गोनाइल फ्लोर क्लीनर 1 लीटर,21-03-2026,12,08-05-2025,26-03-2025,50.35,50.35,PCS,9,54.378,TI724AAA2526,UK,54.378,9,0985/25-26,54.38,712.96,05AAECK5765H1ZE,18,38084000,604.2,,70,0,KANHA JI DISTRIBUTORS
फोर्टिफाइड सूरजमुखी तेल 1 लीटर (पाउच),16-01-2026,12,08-05-2025,21-04-2025,149.610833333333,149.61,PCS,2.5,44.88325,TI724AAA2526,UK,44.883,2.5,BR2A250014,44.88,1885.09,05AAECK5765H1ZE,5,15121910,1795.32,,175,0,KANHA JI DISTRIBUTORS
गिलोय जूस 500 एमएल,21-04-2026,12,08-05-2025,21-04-2025,64.0908333333333,64.09,PCS,6,46.1454,TI724AAA2526,UK,46.1448,6,PFY2500006,46.14,861.37,05AAECK5765H1ZE,12,30049011,769.08,,90,0,KANHA JI DISTRIBUTORS
तिल का तेल 1 लीटर (बी),02-01-2026,12,08-05-2025,07-04-2025,216.095833333333,216.1,PCS,2.5,64.82875,TI724AAA2526,UK,64.83,2.5,JACQ250030,64.83,2722.81,05AAECK5765H1ZE,5,15155091,2593.16,,280,0,KANHA JI DISTRIBUTORS
आँवला चटपटा कैंडी 250 ग्राम,26-03-2026,24,08-05-2025,26-03-2025,65.1245833333333,65.12,PCS,2.5,39.07475,TI724AAA2526,UK,39.072,2.5,AMV2500018,39.07,1641.13,05AAECK5765H1ZE,5,8112010,1562.98,,95,0,KANHA JI DISTRIBUTORS
बेसन 500 ग्राम,14-08-2025,20,08-05-2025,17-03-2025,56.63,56.63,PCS,2.5,28.315,TI724AAA2526,UK,28.315,2.5,PDCR250020,28.31,1189.22,05AAECK5765H1ZE,5,11061090,1132.59,,75,0,KANHA JI DISTRIBUTORS
सूजी 1 किलो,13-08-2025,10,08-05-2025,15-04-2025,59.099,59.1,PCS,2.5,14.77475,TI724AAA2526,UK,14.775,2.5,PDANA25008,14.78,620.55,05AAECK5765H1ZE,5,11010000,591,,75,0,KANHA JI DISTRIBUTORS
चीनी 5 किलो,17-03-2027,6,08-05-2025,27-03-2025,298.968333333333,298.97,PCS,2.5,44.84525,TI724AAA2526,UK,44.8455,2.5,BAIW250014,44.85,1883.51,05AAECK5765H1ZE,5,17011490,1793.82,,340,0,KANHA JI DISTRIBUTORS
आयोडाइज्ड नमक 1 किलो,22-10-2026,25,08-05-2025,01-11-2024,10.4,10.4,PCS,0,0,TI724AAA2526,UK,0,0,CS-24/11,0,260,05AAECK5765H1ZE,0,25010010,260,,22,0,KANHA JI DISTRIBUTORS
केशकांति हेयर क्लींजर नैचुरल,27-03-2027,960,08-05-2025,27-03-2025,0.62,0.65,PCS,9,53.568,TI724AAA2526,UK,56.16,9,ABAC250028,53.57,702.34,05AAECK5765H1ZE,18,33051090,595.2,,1,0,KANHA JI DISTRIBUTORS
बॉडी उबटन 100 ग्राम,10-03-2026,20,08-05-2025,10-03-2025,43.16,43.16,PCS,9,77.688,TI725AAA2526,UK,77.688,9,ACW2500005,77.69,1018.58,05AAECK5765H1ZE,18,33019011,863.2,,60,0,KANHA JI DISTRIBUTORS
अर्शोगृत 60 टैबलेट,19-02-2028,20,08-05-2025,06-03-2025,148.81,148.81,PCS,6,178.572,TI725AAA2526,UK,178.572,6,ADAR250006,178.57,3333.34,05AAECK5765H1ZE,12,30049011,2976.2,,200,0,KANHA JI DISTRIBUTORS
मखाना 250 ग्राम,15-01-2026,10,08-05-2025,21-03-2025,427.11,427.11,PCS,2.5,106.7775,TI725AAA2526,UK,106.7775,2.5,AALI250018,106.78,4484.66,05AAECK5765H1ZE,5,8029000,4271.1,,500,0,KANHA JI DISTRIBUTORS
किशमिश 250 ग्राम (ब्लैक),09-09-2025,6,08-05-2025,13-03-2025,98.2383333333333,98.24,PCS,2.5,14.73575,TI725AAA2526,UK,14.736,2.5,AARY250004,14.74,618.91,05AAECK5765H1ZE,5,8062010,589.44,,115,0,KANHA JI DISTRIBUTORS
मामरा बादाम प्रीमियम 250 ग्राम,12-10-2025,2,08-05-2025,15-04-2025,657.465,657.47,PCS,6,78.8958,TI725AAA2526,UK,78.8964,6,ABOH250002,78.9,1472.73,05AAECK5765H1ZE,12,8021200,1314.94,,810,0,KANHA JI DISTRIBUTORS
केश कांति हेयर क्लींजर नैचुरल 450 एमएल,25-03-2027,12,08-05-2025,04-04-2025,119.12,129.48,PCS,9,128.6496,TI725AAA2526,UK,139.8384,9,A2G2500006,128.65,1686.74,05AAECK5765H1ZE,18,33051090,1429.44,,180,0,KANHA JI DISTRIBUTORS
हर्बल सुहाग टीका (लाल),10-09-2026,12,08-05-2025,20-09-2024,64.1,64.1,PCS,0,0,TI725AAA2526,UK,0,0,AATZ240005,0,769.2,05AAECK5765H1ZE,0,33049940,769.2,,75,0,KANHA JI DISTRIBUTORS
केश रीठा हेयर क्लींजर 180 एमएल,20-03-2027,18,08-05-2025,20-03-2025,79.42,86.33,PCS,9,128.6604,TI725AAA2526,UK,139.8546,9,ABTZ250006,128.66,1686.88,05AAECK5765H1ZE,18,33051090,1429.56,,120,0,KANHA JI DISTRIBUTORS
केश कांति एलोवेरा हेयर क्लींजर 450 एमएल,05-04-2027,12,08-05-2025,15-04-2025,132.36,143.87,PCS,9,142.9488,TI725AAA2526,UK,155.3796,9,A9F2500006,142.95,1874.22,05AAECK5765H1ZE,18,33051090,1588.32,,200,0,KANHA JI DISTRIBUTORS
दिव्य पुनर्नवादि मंडूर 60 टैबलेट,25-02-2035,20,08-05-2025,25-03-2025,43.6495,43.65,PCS,2.5,21.82475,TI725AAA2526,UK,21.825,2.5,BPNM250014,21.83,916.65,05AAECK5765H1ZE,5,30049011,873,,55,0,KANHA JI DISTRIBUTORS
त्रयोदशांग गुग्गुल 40 टैबलेट,04-11-2029,20,08-05-2025,30-11-2024,27.78,27.78,PCS,2.5,13.89,TI725AAA2526,UK,13.89,2.5,BTDG240040,13.89,583.38,05AAECK5765H1ZE,5,30049011,555.6,,35,0,KANHA JI DISTRIBUTORS
दिव्य उतिनिल टैबलेट 30x10 (या 3x10),17-06-2027,10,08-05-2025,02-07-2024,372.02,372.02,PCS,6,223.212,TI725AAA2526,UK,223.212,6,AUTI240001,223.21,4166.62,05AAECK5765H1ZE,12,30049011,3720.2,,500,0,KANHA JI DISTRIBUTORS
मिंट कैंडी (मेन्थॉल),28-12-2025,6,08-05-2025,02-01-2025,100.41,100.41,PCS,6,36.1476,TI725AAA2526,UK,36.1476,6,DMC250001,36.15,674.76,05AAECK5765H1ZE,12,17049030,602.46,,150,0,KANHA JI DISTRIBUTORS
दिव्य मुलेठी चूर्ण 100 ग्राम,27-02-2027,25,08-05-2025,09-03-2025,43.65,43.65,PCS,2.5,27.28125,TI725AAA2526,UK,27.28125,2.5,BMLC250016,27.28,1145.81,05AAECK5765H1ZE,5,30049011,1091.25,,55,0,KANHA JI DISTRIBUTORS
बंधनी हींग 50 ग्राम (नया),04-08-2026,24,08-05-2025,10-02-2025,83.3595833333333,87.75,PCS,2.5,50.01575,TI725AAA2526,UK,52.65,2.5,CASY250002,50.02,2100.67,05AAECK5765H1ZE,5,13019013,2000.64,,120,0,KANHA JI DISTRIBUTORS
सौन्दर्य एलोवेरा जेल 60 एमएल,13-10-2026,4,08-05-2025,14-04-2025,179.84,179.84,PCS,9,64.7424,TI725AAA2526,UK,64.7424,9,ACCF250006,64.74,848.84,05AAECK5765H1ZE,18,33049910,719.36,,250,0,KANHA JI DISTRIBUTORS
आँवला कैंडी 250 ग्राम,06-03-2026,12,08-05-2025,06-03-2025,61.695,61.7,PCS,2.5,18.5085,TI725AAA2526,UK,18.51,2.5,ABLX250021,18.51,777.36,05AAECK5765H1ZE,5,8112010,740.34,,90,0,KANHA JI DISTRIBUTORS
दिव्य लिवोगृत 60 नग,13-02-2028,20,08-05-2025,28-02-2025,184.151,188.24,PCS,6,220.9812,TI725AAA2526,UK,225.888,6,BLGT250011,220.98,4124.98,05AAECK5765H1ZE,12,30049011,3683.02,,275,0,KANHA JI DISTRIBUTORS
दिव्य पीड़ानिल स्प्रे 100 एमएल,23-02-2026,12,08-05-2025,05-03-2024,133.255,136.21,PCS,6,95.9436,TI725AAA2526,UK,98.0712,6,AYC2401,95.94,1790.94,05AAECK5765H1ZE,12,30049011,1599.06,,199,0,KANHA JI DISTRIBUTORS
त्रिफला चूर्ण 100 ग्राम,25-02-2027,25,08-05-2025,25-03-2025,28.57,29.2,PCS,2.5,17.85625,TI725AAA2526,UK,18.25,2.5,ATPC250040,17.86,749.97,05AAECK5765H1ZE,5,30049011,714.26,,40,0,KANHA JI DISTRIBUTORS
फास्ट रिलीफ बाम 25 ग्राम,10-02-2028,12,08-05-2025,10-02-2025,39.3108333333333,42.73,PCS,6,28.3038,TI725AAA2526,UK,30.7656,6,AV12500002,28.3,528.33,05AAECK5765H1ZE,12,30049011,471.72,,60,0,KANHA JI DISTRIBUTORS
केश कांति मिल्क प्रोटीन हेयर क्लींजर 180 एमएल,22-03-2027,18,08-05-2025,22-03-2025,79.42,86.33,PCS,9,128.6604,TI725AAA2526,UK,139.8546,9,ABTX250004,128.66,1686.88,05AAECK5765H1ZE,18,33051090,1429.56,,120,0,KANHA JI DISTRIBUTORS
हर्बल सुहाग टीका (नया),01-10-2026,12,08-05-2025,11-10-2024,64.1,64.1,PCS,0,0,TI725AAA2526,UK,0,0,AJV2400012,0,769.2,05AAECK5765H1ZE,0,33049940,769.2,,75,0,KANHA JI DISTRIBUTORS
सौन्दर्य एलोवेरा जेल 150 एमएल,16-09-2026,22,08-05-2025,25-03-2025,66.1795454545455,71.93,PCS,9,131.0355,TI725AAA2526,UK,142.4214,9,AAHP250136,131.04,1718.03,05AAECK5765H1ZE,18,33049910,1455.96,,100,0,KANHA JI DISTRIBUTORS
सौन्दर्य एलोवेरा जेल 150 एमएल,07-09-2026,2,08-05-2025,16-03-2025,66.18,71.93,PCS,9,11.9124,TI725AAA2526,UK,12.9474,9,AAHP250112,11.91,156.18,05AAECK5765H1ZE,18,33049910,132.36,,100,0,KANHA JI DISTRIBUTORS
दूध बिस्कुट 35 ग्राम,01-11-2025,200,08-05-2025,05-05-2025,3.61,3.61,PCS,9,64.98,TI726AAA2526,UK,64.98,9,E425/BP1,64.98,851.96,05AAECK5765H1ZE,18,19053100,722,,5,0,KANHA JI DISTRIBUTORS
दूध बिस्कुट 70 ग्राम,27-10-2025,100,08-05-2025,30-04-2025,7.23,7.23,PCS,9,65.07,TI726AAA2526,UK,65.07,9,DW25/BP1,65.07,853.14,05AAECK5765H1ZE,18,19053100,723,,10,0,KANHA JI DISTRIBUTORS
क्रीमफीस्ट इलायची बिस्कुट 32.5 ग्राम,27-10-2025,144,08-05-2025,30-04-2025,3.60993055555556,3.61,PCS,9,46.7847,TI726AAA2526,UK,46.7856,9,DV25/BP1,46.79,613.41,05AAECK5765H1ZE,18,19053100,519.84,,5,0,KANHA JI DISTRIBUTORS
क्रीमफीस्ट चोको बिस्कुट 32.5 ग्राम,27-10-2025,144,08-05-2025,30-04-2025,3.60993055555556,3.61,PCS,9,46.7847,TI726AAA2526,UK,46.7856,9,DQ25/BP1,46.79,613.41,05AAECK5765H1ZE,18,19053100,519.84,,5,0,KANHA JI DISTRIBUTORS
नारियल बिस्कुट 68 ग्राम,23-10-2025,100,08-05-2025,26-04-2025,7.23,7.23,PCS,9,65.07,TI726AAA2526,UK,65.07,9,DU25/AV9,65.07,853.14,05AAECK5765H1ZE,18,19053100,723,,10,0,KANHA JI DISTRIBUTORS
आटा नूडल्स चटपटा फैमिली पैक 240 ग्राम,16-01-2026,48,14-05-2025,21-04-2025,33.57,33.57,PCS,6,96.6816,TI846AAA2526,UK,96.6816,6,CHF210425,96.68,1804.72,05AAECK5765H1ZE,12,19022090,1611.36,,48,0,KANHA JI DISTRIBUTORS
एलोवेरा फाइबर जूस 1 लीटर,23-01-2026,12,14-05-2025,28-04-2025,131.604166666667,149.55,PCS,6,94.755,TI846AAA2526,UK,107.676,6,PGD2500148,94.76,1768.77,05AAECK5765H1ZE,12,30049011,1579.25,,210,0,KANHA JI DISTRIBUTORS
आँवला अचार 1 किलो,05-03-2026,12,14-05-2025,05-03-2025,107.090833333333,107.09,PCS,6,77.1054,TI846AAA2526,UK,77.1048,6,ABA2500004,77.1,1439.29,05AAECK5765H1ZE,12,20019000,1285.08,,200,0,KANHA JI DISTRIBUTORS
मूंग छिलका 1 किलो,15-12-2025,10,14-05-2025,20-03-2025,128.939,128.94,PCS,2.5,32.23475,TI846AAA2526,UK,32.235,2.5,BPRMC25004,32.24,1353.87,05AAECK5765H1ZE,5,7133190,1289.4,,158,0,KANHA JI DISTRIBUTORS
बूरा चीनी 1 किलो,11-01-2026,30,14-05-2025,16-04-2025,64.72,64.72,PCS,2.5,48.54,TI846AAA2526,UK,48.54,2.5,AKI2500044,48.54,2038.68,05AAECK5765H1ZE,5,17029090,1941.6,,75,0,KANHA JI DISTRIBUTORS
डिशवॉश बार 600 ग्राम (स्क्रबर सहित),10-04-2028,24,14-05-2025,11-04-2025,41.43,41.43,PCS,9,89.4888,TI846AAA2526,UK,89.4888,9,AAYX250010,89.49,1173.3,05AAECK5765H1ZE,18,34011990,994.32,,60,0,KANHA JI DISTRIBUTORS
सरसों का तेल 1 लीटर (पाउच),09-04-2026,24,14-05-2025,14-04-2025,151.009583333333,151.01,PCS,2.5,90.60575,TI846AAA2526,UK,90.606,2.5,N2B2500031,90.61,3805.45,05AAECK5765H1ZE,5,15149920,3624.24,,175,0,KANHA JI DISTRIBUTORS
फोर्टिफाइड सूरजमुखी तेल 1 लीटर (पाउच),16-01-2026,12,14-05-2025,21-04-2025,149.610833333333,149.61,PCS,2.5,44.88325,TI846AAA2526,UK,44.883,2.5,BR2A250014,44.88,1885.09,05AAECK5765H1ZE,5,15121910,1795.32,,175,0,KANHA JI DISTRIBUTORS
सेब सिरका हल्दी-अदरक 500 एमएल,03-04-2026,24,14-05-2025,03-04-2025,118.020416666667,118.02,PCS,9,254.9241,TI846AAA2526,UK,254.9232,9,ABVO250004,254.92,3342.33,05AAECK5765H1ZE,18,22090090,2832.48,,175,0,KANHA JI DISTRIBUTORS
नवरत्न आटा 2 किलो,10-10-2025,20,14-05-2025,13-04-2025,150.685,153.76,PCS,2.5,75.3425,TI846AAA2526,UK,76.88,2.5,AHV2500013,75.34,3164.38,05AAECK5765H1ZE,5,11010000,3013.7,,180,0,KANHA JI DISTRIBUTORS
आटा दूध रस्क 300 ग्राम,08-09-2025,24,14-05-2025,11-04-2025,40.8,40.8,PCS,2.5,24.48,TI846AAA2526,UK,24.48,2.5,DF25/SGB,24.48,1028.16,05AAECK5765H1ZE,5,19054000,979.2,,50,0,KANHA JI DISTRIBUTORS
पुष्टाहार दलिया 500 ग्राम,19-12-2025,30,14-05-2025,24-03-2025,40.6196666666667,40.62,PCS,2.5,30.46475,TI846AAA2526,UK,30.465,2.5,PDCQ250023,30.47,1279.53,05AAECK5765H1ZE,5,11031900,1218.6,,50,0,KANHA JI DISTRIBUTORS
दृष्टि आई ड्रॉप 10 एमएल,17-03-2026,40,14-05-2025,17-03-2025,14.23975,14.24,PCS,6,34.1754,TI847AAA2526,UK,34.176,6,AAST250013,34.18,637.95,05AAECK5765H1ZE,12,30049011,569.6,,20,0,KANHA JI DISTRIBUTORS
सौम्या आई ड्रॉप 10 एमएल,11-02-2027,20,14-05-2025,21-02-2025,24.9205,24.92,PCS,6,29.9046,TI847AAA2526,UK,29.904,6,AAAQ250002,29.9,558.21,05AAECK5765H1ZE,12,30049011,498.4,,35,0,KANHA JI DISTRIBUTORS
दिव्य दालचीनी चूर्ण 100 ग्राम,25-02-2027,25,14-05-2025,25-03-2025,51.5904,51.59,PCS,2.5,32.244,TI847AAA2526,UK,32.24375,2.5,ADCC250015,32.24,1354.24,05AAECK5765H1ZE,5,30049011,1289.75,,65,0,KANHA JI DISTRIBUTORS
रोगन बादाम शीरीन 150 एमएल,16-12-2027,12,14-05-2025,31-12-2024,307.14,307.14,PCS,2.5,92.142,TI847AAA2526,UK,92.142,2.5,BRBS240019,92.14,3869.96,05AAECK5765H1ZE,5,30049011,3685.68,,450,0,KANHA JI DISTRIBUTORS
रोगन बादाम शीरीन 60 एमएल,16-01-2028,15,14-05-2025,31-01-2025,129.68,129.68,PCS,2.5,48.63,TI847AAA2526,UK,48.63,2.5,BRBS250001,48.63,2042.46,05AAECK5765H1ZE,5,30049011,1945.2,,190,0,KANHA JI DISTRIBUTORS
दिव्य आँवला चूर्ण 100 ग्राम,21-02-2027,25,14-05-2025,21-03-2025,35.71,35.71,PCS,2.5,22.31875,TI847AAA2526,UK,22.31875,2.5,BAMC250012,22.32,937.39,05AAECK5765H1ZE,5,30049011,892.75,,45,0,KANHA JI DISTRIBUTORS
दिव्य गोधान अर्क 450 एमएल,01-03-2026,20,14-05-2025,01-04-2025,40.179,43.75,PCS,6,48.2148,TI847AAA2526,UK,52.5,6,AGDA250015,48.21,900,05AAECK5765H1ZE,12,30049011,803.57,,60,0,KANHA JI DISTRIBUTORS
अश्वगंधा 11 ग्राम (स्ट्रिप),10-01-2027,20,14-05-2025,20-01-2025,57.6825,62.81,PCS,6,69.219,TI847AAA2526,UK,75.372,6,AASZ250006,69.22,1292.09,05AAECK5765H1ZE,12,30049011,1153.65,,90,0,KANHA JI DISTRIBUTORS
दिव्य मुक्तावटी एक्स्ट्रा पावर 120 टैबलेट,08-02-2030,20,14-05-2025,06-03-2025,150.667,164.06,PCS,6,180.8004,TI847AAA2526,UK,196.872,6,AMUE250061,180.8,3374.94,05AAECK5765H1ZE,12,30049011,3013.34,,225,0,KANHA JI DISTRIBUTORS
दिव्य कंथमृत च्यूएबल 40 नग,21-01-2028,10,14-05-2025,05-02-2025,26.79,29.17,PCS,6,16.074,TI847AAA2526,UK,17.502,6,ADKT250007,16.07,300.04,05AAECK5765H1ZE,12,30049011,267.89,,40,0,KANHA JI DISTRIBUTORS
दिव्य कंथमृत च्यूएबल 80 नग,13-02-2028,10,14-05-2025,28-02-2025,50.225,54.69,PCS,6,30.135,TI847AAA2526,UK,32.814,6,ADKT250009,30.14,562.53,05AAECK5765H1ZE,12,30049011,502.26,,75,0,KANHA JI DISTRIBUTORS
दिव्य लवंगादि वटी 80 टैबलेट,15-01-2028,20,14-05-2025,30-01-2025,35.7095,35.71,PCS,2.5,17.85475,TI847AAA2526,UK,17.855,2.5,BLGV250001,17.86,749.91,05AAECK5765H1ZE,5,30049011,714.2,,45,0,KANHA JI DISTRIBUTORS
दिव्य न्यूरोगृत गोल्ड 20 नग,15-03-2028,10,14-05-2025,15-04-2025,401.786,437.5,PCS,6,241.0716,TI847AAA2526,UK,262.5,6,ANGD250004,241.07,4500,05AAECK5765H1ZE,12,30049011,4017.86,,600,0,KANHA JI DISTRIBUTORS
आईग्रिट आई ड्रॉप 10 एमएल,06-04-2027,40,14-05-2025,06-04-2025,29.17,29.17,PCS,6,70.008,TI847AAA2526,UK,70.008,6,ABQR250007,70.01,1306.82,05AAECK5765H1ZE,12,30049011,1166.8,,40,0,KANHA JI DISTRIBUTORS
हल्दी पाउडर 200 ग्राम,24-03-2026,30,22-05-2025,24-03-2025,51.65,56.14,PCS,2.5,38.7375,TI995AAA2526,UK,42.105,2.5,AJC2500016,38.74,1626.98,05AAECK5765H1ZE,5,9103030,1549.5,,82,0,KANHA JI DISTRIBUTORS
शक्ति राइस एक्सएक्सएल मिनी मोगरा-2 10 किलो,14-08-2026,4,22-05-2025,24-08-2024,355.01,355.01,PCS,2.5,35.501,TI995AAA2526,UK,35.501,2.5,E6M2400006,35.5,1491.04,05AAECK5765H1ZE,5,10063090,1420.04,,720,0,KANHA JI DISTRIBUTORS
दूध बिस्कुट 35 ग्राम,07-11-2025,200,22-05-2025,11-05-2025,3.61,3.61,PCS,9,64.98,TI995AAA2526,UK,64.98,9,ED25/BP1,64.98,851.96,05AAECK5765H1ZE,18,19053100,722,,5,0,KANHA JI DISTRIBUTORS
क्रंची कोकोनट कुकीज़ 70 ग्राम,11-11-2025,72,22-05-2025,15-05-2025,7.23,7.23,PCS,9,46.8504,TI995AAA2526,UK,46.8504,9,EI25/BP1,46.85,614.26,05AAECK5765H1ZE,18,19053100,520.56,,10,0,KANHA JI DISTRIBUTORS
हल्दी-चंदन कांति बॉडी क्लींजर 4x45 ग्राम,11-02-2027,54,22-05-2025,11-02-2025,26.9701851851852,29.97,PCS,9,131.0751,TI995AAA2526,UK,145.6542,9,AAWL250002,131.07,1718.53,05AAECK5765H1ZE,18,34011941,1456.38,,40,0,KANHA JI DISTRIBUTORS
एलोवेरा कांति बॉडी क्लींजर 75 ग्राम (4x1),18-03-2027,36,22-05-2025,18-03-2025,54.8197222222222,59.8,PCS,9,177.6159,TI995AAA2526,UK,193.752,9,ASV2500008,177.62,2328.75,05AAECK5765H1ZE,18,34011941,1973.52,,83,0,KANHA JI DISTRIBUTORS
शहद 1 किलो,06-10-2026,12,22-05-2025,14-04-2025,265.44,312.28,PCS,2.5,79.632,TI995AAA2526,UK,93.684,2.5,BCN2500017,79.63,3344.54,05AAECK5765H1ZE,5,4090000,3185.28,,410,0,KANHA JI DISTRIBUTORS
खांड 1 किलो,12-05-2026,30,22-05-2025,12-05-2025,85.443,85.44,PCS,2.5,64.08225,TI995AAA2526,UK,64.08,2.5,AARQ250034,64.08,2691.45,05AAECK5765H1ZE,5,17011420,2563.29,,110,0,KANHA JI DISTRIBUTORS
सरसों का तेल 1 लीटर (पाउच),01-05-2026,12,22-05-2025,06-05-2025,151.010833333333,151.01,PCS,2.5,45.30325,TI995AAA2526,UK,45.303,2.5,N2B2500036,45.3,1902.73,05AAECK5765H1ZE,5,15149920,1812.12,,175,0,KANHA JI DISTRIBUTORS
टूथब्रश नॉर्मल (हैंगर पैक) 336 नग,07-04-2030,336,22-05-2025,08-04-2025,6.76,7.19,PCS,9,204.4224,TI995AAA2526,UK,217.4256,9,080425NL,204.42,2680.2,05AAECK5765H1ZE,18,96032100,2271.36,,10,0,KANHA JI DISTRIBUTORS
हर्बल वॉश डिटर्जेंट पाउडर 1 किलो,05-05-2030,25,22-05-2025,06-05-2025,51.44,51.44,PCS,9,115.74,TI995AAA2526,UK,115.74,9,AM92500039,115.74,1517.48,05AAECK5765H1ZE,18,34029011,1286,,70,0,KANHA JI DISTRIBUTORS
ग्रीन फ्लश टॉयलेट क्लीनर 500 एमएल,29-04-2027,24,22-05-2025,29-04-2025,57.4004166666667,68.33,PCS,9,123.9849,TI995AAA2526,UK,147.5928,9,ABHE250008,123.98,1625.57,05AAECK5765H1ZE,18,34029092,1377.6,,95,0,KANHA JI DISTRIBUTORS
आटा नूडल्स देसी मसाला 60 ग्राम,14-01-2026,192,22-05-2025,19-04-2025,8.58,8.58,PCS,6,98.8416,TI995AAA2526,UK,98.8416,6,DM190425,98.84,1845.04,05AAECK5765H1ZE,12,19022090,1647.36,,12,0,KANHA JI DISTRIBUTORS
आँवला जूस 1 लीटर,15-05-2026,12,22-05-2025,15-05-2025,94.0016666666667,94,PCS,6,67.6812,TI995AAA2526,UK,67.68,6,ACCT250011,67.68,1263.38,05AAECK5765H1ZE,12,30049011,1128.02,,150,0,KANHA JI DISTRIBUTORS
दिव्य अर्जुन घनवटी 60 टैबलेट (3x20),19-02-2028,20,22-05-2025,06-03-2025,133.9295,133.93,PCS,6,160.7154,TI996AAA2526,UK,160.716,6,ADAG250005,160.72,3000.03,05AAECK5765H1ZE,12,30049011,2678.6,,180,0,KANHA JI DISTRIBUTORS
दिव्य अर्शकल्प वटी 40 टैबलेट,14-02-2028,20,22-05-2025,01-03-2025,33.4795,33.48,PCS,6,40.1754,TI996AAA2526,UK,40.176,6,BAKV250025,40.18,749.95,05AAECK5765H1ZE,12,30049011,669.6,,45,0,KANHA JI DISTRIBUTORS
केश कांति एडवांस हेयर एक्सपर्ट ऑयल 30 एमएल,27-01-2027,24,22-05-2025,27-01-2025,59.3,69.76,PCS,9,128.088,TI996AAA2526,UK,150.6816,9,ABHX250001,128.09,1679.38,05AAECK5765H1ZE,18,33059019,1423.2,,100,0,KANHA JI DISTRIBUTORS
दिव्य सिस्टोगृत 60 टैबलेट (3x20),01-02-2028,20,22-05-2025,01-03-2025,200.893,205.35,PCS,6,241.0716,TI996AAA2526,UK,246.42,6,BCTT250007,241.07,4500,05AAECK5765H1ZE,12,30049011,4017.86,,300,0,KANHA JI DISTRIBUTORS
एलोवेरा मिक्स्ड फ्रूट जैम 500 ग्राम,08-04-2026,12,28-05-2025,08-04-2025,51.57,51.57,PCS,6,37.1304,TI1121AAA2526,UK,37.1304,6,B1O2500004,37.13,693.1,05AAECK5765H1ZE,12,20079990,618.84,,70,0,KANHA JI DISTRIBUTORS
दंत कांति नैचुरल 200x3 बिग सेवर पैक,27-04-2027,24,28-05-2025,07-05-2025,199.82,199.82,PCS,9,431.6112,TI1121AAA2526,UK,431.6112,9,AAPW250014,431.61,5658.9,05AAECK5765H1ZE,18,33061020,4795.68,,280,0,KANHA JI DISTRIBUTORS
दंत कांति डेंटल क्रीम एडवांस 2x100 ग्राम,28-10-2026,36,28-05-2025,06-05-2025,103.58,103.58,PCS,9,335.5992,TI1121AAA2526,UK,335.5992,9,AF82500007,335.6,4400.08,05AAECK5765H1ZE,18,33061020,3728.88,,160,0,KANHA JI DISTRIBUTORS
सुपर डिशवॉश बार 10 रुपये (फ्री 3 नग),07-05-2028,60,28-05-2025,08-05-2025,7.33983333333333,7.34,PCS,9,39.6351,TI1121AAA2526,UK,39.636,9,AAXY250097,39.64,519.67,05AAECK5765H1ZE,18,34011941,440.4,,10,0,KANHA JI DISTRIBUTORS
गिलोय जूस 500 एमएल,30-04-2026,12,28-05-2025,30-04-2025,64.0908333333333,64.09,PCS,6,46.1454,TI1121AAA2526,UK,46.1448,6,PFY2500007,46.14,861.37,05AAECK5765H1ZE,12,30049011,769.08,,90,0,KANHA JI DISTRIBUTORS
एलोवेरा फाइबर जूस 1 लीटर,08-02-2026,12,28-05-2025,14-05-2025,137.869166666667,156.67,PCS,6,99.2658,TI1121AAA2526,UK,112.8024,6,ACCR250002,99.27,1852.97,05AAECK5765H1ZE,12,30049011,1654.44,,220,0,KANHA JI DISTRIBUTORS
आँवला जूस 1 लीटर,15-05-2026,12,28-05-2025,15-05-2025,94.0016666666667,106.82,PCS,6,67.6812,TI1121AAA2526,UK,76.9104,6,ACCT250011,67.68,1263.38,05AAECK5765H1ZE,12,30049011,1128.02,,150,0,KANHA JI DISTRIBUTORS
पारम्परिक गेहूँ का आटा 10 किलो,17-08-2025,5,28-05-2025,19-04-2025,401.818,410.02,PCS,2.5,50.22725,TI1121AAA2526,UK,51.2525,2.5,PDV4250020,50.23,2109.55,05AAECK5765H1ZE,5,11010000,2009.1,,480,0,KANHA JI DISTRIBUTORS
मारी बिस्कुट 70 ग्राम,15-11-2025,48,28-05-2025,19-05-2025,7.23020833333333,7.23,PCS,9,31.2345,TI1121AAA2526,UK,31.2336,9,EN25/BP1,31.23,409.51,05AAECK5765H1ZE,18,19053100,347.04,,10,0,KANHA JI DISTRIBUTORS
चक्की आटा विथ ब्रान 5 किलो (आरओआई),11-09-2025,6,28-05-2025,14-05-2025,209.28,213.55,PCS,2.5,31.392,TI1121AAA2526,UK,32.0325,2.5,PDAEZ25001,31.39,1318.46,05AAECK5765H1ZE,5,11010000,1255.67,,250,0,KANHA JI DISTRIBUTORS
दिव्य महामंजिष्ठादि काढ़ा 450 एमएल,17-01-2035,20,28-05-2025,10-03-2025,83.571,105,PCS,2.5,41.7855,TI1121AAA2526,UK,52.5,2.5,MMP250003,41.79,1755,05AAECK5765H1ZE,5,30049011,1671.43,,135,0,KANHA JI DISTRIBUTORS
केश कांति हर्बल मेहंदी (नेचुरल ब्लैक),27-03-2026,40,28-05-2025,01-04-2025,13.49025,13.49,PCS,9,48.5649,TI1121AAA2526,UK,48.564,9,ANBL250094,48.56,636.73,05AAECK5765H1ZE,18,33059090,539.6,,20,0,KANHA JI DISTRIBUTORS
तेजस तैलम 100 एमएल,24-03-2027,25,28-05-2025,24-03-2025,53.95,53.95,PCS,9,121.3875,TI1121AAA2526,UK,121.3875,9,AAO2500005,121.39,1591.53,05AAECK5765H1ZE,18,33059019,1348.75,,75,0,KANHA JI DISTRIBUTORS
दिव्य अरविन्दासव 225 एमएल,10-03-2034,20,28-05-2025,01-05-2024,71.1865,89.44,PCS,2.5,35.59325,TI1121AAA2526,UK,44.72,2.5,AVS240002,35.59,1494.91,05AAECK5765H1ZE,5,30049011,1423.72,,115,0,KANHA JI DISTRIBUTORS
गुलाब जल 120 एमएल,15-03-2026,30,28-05-2025,15-04-2025,31.14,31.14,PCS,9,84.078,TI1121AAA2526,UK,84.078,9,BGLJ250021,84.08,1102.36,05AAECK5765H1ZE,18,33030020,934.2,,45,0,KANHA JI DISTRIBUTORS
मधुरम 1 किलो,20-05-2026,30,02-07-2025,20-05-2025,69.25,69.25,PCS,2.5,51.9375,TI1753AAA2526,UK,51.9375,2.5,AHG2500107,51.94,2181.38,05AAECK5765H1ZE,5,17011410,2077.5,,85,0,KANHA JI DISTRIBUTORS
आटा नूडल्स देसी मसाला 60 ग्राम,10-03-2026,96,02-07-2025,13-06-2025,8.58,8.58,PCS,6,49.4208,TI1753AAA2526,UK,49.4208,6,DM130625,49.42,922.52,05AAECK5765H1ZE,12,19022090,823.68,,12,0,KANHA JI DISTRIBUTORS
पोहा 1 किलो,27-11-2025,20,02-07-2025,31-05-2025,69.0495,69.05,PCS,2.5,34.52475,TI1753AAA2526,UK,34.525,2.5,BPRP250040,34.53,1450.05,05AAECK5765H1ZE,5,19041020,1381,,85,0,KANHA JI DISTRIBUTORS
पुष्टाहार दलिया 500 ग्राम,09-03-2026,30,02-07-2025,12-06-2025,39.64,39.64,PCS,2.5,29.73,TI1753AAA2526,UK,29.73,2.5,PDCQ250043,29.73,1248.66,05AAECK5765H1ZE,5,11031900,1189.2,,50,0,KANHA JI DISTRIBUTORS
ग्राउंडनट ऑयल 1 लीटर (पाउच),17-02-2026,12,02-07-2025,23-05-2025,159.64,159.64,PCS,2.5,47.892,TI1753AAA2526,UK,47.892,2.5,ORQ2500025,47.89,2011.46,05AAECK5765H1ZE,5,15089091,1915.68,,185,0,KANHA JI DISTRIBUTORS
राइस ब्रान तेल 1 लीटर (पाउच),17-02-2026,12,02-07-2025,23-05-2025,142.380833333333,142.38,PCS,2.5,42.71425,TI1753AAA2526,UK,42.714,2.5,ORE2500033,42.71,1793.99,05AAECK5765H1ZE,5,15159040,1708.56,,165,0,KANHA JI DISTRIBUTORS
गोनाइल फ्लोर क्लीनर 5 लीटर,13-05-2026,4,02-07-2025,13-06-2025,237.3775,237.38,PCS,9,85.4559,TI1753AAA2526,UK,85.4568,9,0407/25-26,85.46,1120.43,05AAECK5765H1ZE,18,38084000,949.52,,330,0,KANHA JI DISTRIBUTORS
सरसों का तेल 1 लीटर (बी),20-11-2026,12,02-07-2025,18-06-2025,158.95,158.95,PCS,2.5,47.685,TI1753AAA2526,UK,47.685,2.5,N1B2500073,47.68,2002.76,05AAECK5765H1ZE,5,15149920,1907.39,,190,0,KANHA JI DISTRIBUTORS
तिल का तेल 1 लीटर (बी),10-03-2026,12,02-07-2025,13-06-2025,200.658333333333,200.66,PCS,2.5,60.1975,TI1753AAA2526,UK,60.198,2.5,JACQ250049,60.2,2528.3,05AAECK5765H1ZE,5,15155091,2407.91,,260,0,KANHA JI DISTRIBUTORS
सरसों का तेल 1 लीटर (पाउच),28-05-2026,72,02-07-2025,02-06-2025,154.643194444444,154.64,PCS,2.5,278.35775,TI1753AAA2526,UK,278.352,2.5,K2B2500008,278.36,11691.03,05AAECK5765H1ZE,5,15149920,11134.32,,185,0,KANHA JI DISTRIBUTORS
धनिया पाउडर 200 ग्राम,08-05-2026,30,02-07-2025,08-05-2025,36.5613333333333,36.56,PCS,2.5,27.421,TI1753AAA2526,UK,27.42,2.5,AJE2500010,27.42,1151.68,05AAECK5765H1ZE,5,9092200,1096.83,,60,0,KANHA JI DISTRIBUTORS
गिलोय जूस 500 एमएल,09-05-2026,12,02-07-2025,09-05-2025,56.3983333333333,56.4,PCS,6,40.6068,TI1753AAA2526,UK,40.608,6,PFY2500009,40.61,758,05AAECK5765H1ZE,12,30049011,676.79,,90,0,KANHA JI DISTRIBUTORS
एलोवेरा फाइबर जूस 1 लीटर,22-02-2026,24,02-07-2025,28-05-2025,137.870416666667,137.87,PCS,6,198.5334,TI1753AAA2526,UK,198.5328,6,ACCR250051,198.53,3705.95,05AAECK5765H1ZE,12,30049011,3308.88,,220,0,KANHA JI DISTRIBUTORS
दिव्य स्वासारी प्रवाही 250 एमएल,01-04-2028,40,02-07-2025,01-05-2025,58.82,58.82,PCS,6,141.168,TI1753AAA2526,UK,141.168,6,BSSP250020,141.17,2635.14,05AAECK5765H1ZE,12,30049011,2352.8,,85,0,KANHA JI DISTRIBUTORS
गाय का घी 1 लीटर,24-03-2026,75,02-07-2025,27-06-2025,600.56,600.56,PCS,6,2702.52,TI1753AAA2526,UK,2702.52,6,FAWC250166,2702.52,50447.04,05AAECK5765H1ZE,12,4059020,45042,,730,0,KANHA JI DISTRIBUTORS
गाय का घी 500 एमएल,07-03-2026,60,02-07-2025,10-06-2025,320.85,320.85,PCS,6,1155.06,TI1753AAA2526,UK,1155.06,6,FAWD250041,1155.06,21561.12,05AAECK5765H1ZE,12,4059020,19251,,390,0,KANHA JI DISTRIBUTORS
दिव्य वेटगो टैबलेट 60 नग,31-03-2028,5,02-07-2025,30-04-2025,200.892,200.89,PCS,6,60.2676,TI1753AAA2526,UK,60.267,6,DWG250008,60.27,1125,05AAECK5765H1ZE,12,30049011,1004.46,,300,0,KANHA JI DISTRIBUTORS
त्रिफला गुग्गुल 40 टैबलेट,15-03-2030,20,02-07-2025,15-04-2025,31.7495,31.75,PCS,2.5,15.87475,TI1753AAA2526,UK,15.875,2.5,BTPG250014,15.88,666.75,05AAECK5765H1ZE,5,30049011,635,,40,0,KANHA JI DISTRIBUTORS
चंद्रप्रभा वटी 40 टैबलेट,31-01-2030,20,02-07-2025,28-02-2025,34.1295,34.13,PCS,2.5,17.06475,TI1753AAA2526,UK,17.065,2.5,BCPV250042,17.07,716.73,05AAECK5765H1ZE,5,30049011,682.6,,43,0,KANHA JI DISTRIBUTORS
त्रिफला चूर्ण 100 ग्राम,02-05-2027,25,02-07-2025,02-06-2025,28.57,28.57,PCS,2.5,17.85625,TI1753AAA2526,UK,17.85625,2.5,ATPC250063,17.86,749.97,05AAECK5765H1ZE,5,30049011,714.26,,40,0,KANHA JI DISTRIBUTORS
गिलोय घन वटी 60 नग (नया),16-04-2027,24,02-07-2025,16-05-2025,64.0933333333333,64.09,PCS,6,92.2944,TI1753AAA2526,UK,92.2896,6,AAI2500038,92.29,1722.82,05AAECK5765H1ZE,12,30049011,1538.23,,100,0,KANHA JI DISTRIBUTORS
व्हाइट लिली ब्यूटी बार 75 ग्राम,30-04-2026,144,02-07-2025,30-04-2024,26.4200694444444,26.42,PCS,9,342.4041,TI1753AAA2526,UK,342.4032,9,ABSH240004,342.4,4489.29,05AAECK5765H1ZE,18,34011941,3804.48,,40,0,KANHA JI DISTRIBUTORS
नवरत्न आटा 2 किलो,04-12-2025,20,02-07-2025,07-06-2025,146.841,146.84,PCS,2.5,73.4205,TI1753AAA2526,UK,73.42,2.5,AHV2500021,73.42,3083.66,05AAECK5765H1ZE,5,11010000,2936.81,,180,0,KANHA JI DISTRIBUTORS
हर्बल वॉश डिटर्जेंट पाउडर 1 किलो,13-05-2030,25,02-07-2025,14-05-2025,51.44,51.44,PCS,9,115.74,TI1753AAA2526,UK,115.74,9,BM92500023,115.74,1517.48,05AAECK5765H1ZE,18,34029011,1286,,70,0,KANHA JI DISTRIBUTORS
चक्की आटा विथ ब्रान 5 किलो (आरओआई),15-09-2025,6,02-07-2025,18-05-2025,203.94,203.94,PCS,2.5,30.591,TI1753AAA2526,UK,30.591,2.5,PDAEZ25003,30.59,1284.82,05AAECK5765H1ZE,5,11010000,1223.64,,250,0,KANHA JI DISTRIBUTORS
चक्की आटा विथ ब्रान 10 किलो (आरओआई),12-09-2025,3,02-07-2025,15-05-2025,391.566666666667,391.57,PCS,2.5,29.3675,TI1753AAA2526,UK,29.36775,2.5,PDAFD25002,29.37,1233.44,05AAECK5765H1ZE,5,11010000,1174.71,,480,0,KANHA JI DISTRIBUTORS
नारियल तेल 100 एमएल (बी),14-06-2026,24,11-06-2025,21-03-2025,32.5,32.5,PCS,2.5,19.5,TI1363AAA2526,UK,19.5,2.5,ABEA250003,19.5,819,05AAECK5765H1ZE,5,15131900,780,,40,0,KANHA JI DISTRIBUTORS
सौन्दर्य एलोवेरा जेल केसर-चंदन 150 एमएल,24-10-2026,24,11-06-2025,02-05-2025,79.4195833333333,79.42,PCS,9,171.5463,TI1363AAA2526,UK,171.5472,9,AAHV250025,171.55,2249.17,05AAECK5765H1ZE,18,33049910,1906.08,,120,0,KANHA JI DISTRIBUTORS
सौन्दर्य एलोवेरा जेल केसर-चंदन 60 एमएल,27-10-2026,24,11-06-2025,05-05-2025,39.7104166666667,39.71,PCS,9,85.7745,TI1363AAA2526,UK,85.7736,9,AAHU250008,85.77,1124.59,05AAECK5765H1ZE,18,33049910,953.04,,60,0,KANHA JI DISTRIBUTORS
अंजीर 250 ग्राम,02-11-2025,2,11-06-2025,06-05-2025,399.35,399.35,PCS,6,47.922,TI1363AAA2526,UK,47.922,6,AARX250011,47.92,894.54,05AAECK5765H1ZE,12,8042090,798.7,,500,0,KANHA JI DISTRIBUTORS
दंत कांति जूनियर स्ट्रॉबेरी 80 ग्राम,19-03-2027,24,11-06-2025,19-03-2025,64.8,64.8,PCS,9,139.968,TI1363AAA2526,UK,139.968,9,ABRS250002,139.97,1835.14,05AAECK5765H1ZE,18,33061020,1555.2,,100,0,KANHA JI DISTRIBUTORS
बंधनी हींग 50 ग्राम (नया),24-09-2026,24,11-06-2025,02-04-2025,80.72,80.72,PCS,2.5,48.432,TI1363AAA2526,UK,48.432,2.5,CASY250004,48.43,2034.14,05AAECK5765H1ZE,5,13019013,1937.28,,120,0,KANHA JI DISTRIBUTORS
शिलाजीत 11 ग्राम (स्ट्रिप),15-04-2027,20,11-06-2025,25-04-2025,62.669,62.67,PCS,6,75.2028,TI1363AAA2526,UK,75.204,6,AASO250011,75.2,1403.78,05AAECK5765H1ZE,12,30049011,1253.38,,100,0,KANHA JI DISTRIBUTORS
हर्बल फेशियल फोम 60 ग्राम,05-05-2027,24,11-06-2025,15-05-2025,45.32,45.32,PCS,9,97.8912,TI1363AAA2526,UK,97.8912,9,AJN2500004,97.89,1283.46,05AAECK5765H1ZE,18,34013090,1087.68,,70,0,KANHA JI DISTRIBUTORS
सनस्क्रीन क्रीम एसपीएफ 30,07-05-2027,24,11-06-2025,17-05-2025,61.14,61.14,PCS,9,132.0624,TI1363AAA2526,UK,132.0624,9,AJW2500004,132.06,1731.48,05AAECK5765H1ZE,18,33049910,1467.36,,100,0,KANHA JI DISTRIBUTORS
एलोवेरा जेल फेसवॉश 60 एमएल,17-02-2027,24,11-06-2025,27-02-2025,45.32,45.32,PCS,9,97.8912,TI1363AAA2526,UK,97.8912,9,AATK250002,97.89,1283.46,05AAECK5765H1ZE,18,34013090,1087.68,,70,0,KANHA JI DISTRIBUTORS
बादाम 250 ग्राम,09-11-2025,2,11-06-2025,13-05-2025,291.52,291.52,PCS,6,34.9824,TI1363AAA2526,UK,34.9824,6,AART250016,34.98,653,05AAECK5765H1ZE,12,8021100,583.04,,365,0,KANHA JI DISTRIBUTORS
मखाना 250 ग्राम,12-02-2026,10,11-06-2025,18-04-2025,414.299,414.3,PCS,2.5,103.57475,TI1363AAA2526,UK,103.575,2.5,AALI250023,103.58,4350.15,05AAECK5765H1ZE,5,8029000,4143,,485,0,KANHA JI DISTRIBUTORS
एलोवेरा फाइबर जूस 1 लीटर,08-02-2026,12,11-06-2025,14-05-2025,137.869166666667,137.87,PCS,6,99.2658,TI1362AAA2526,UK,99.2664,6,ACCR250002,99.27,1852.97,05AAECK5765H1ZE,12,30049011,1654.44,,220,0,KANHA JI DISTRIBUTORS
आँवला जूस 1 लीटर,27-05-2026,12,11-06-2025,27-05-2025,94.0016666666667,94,PCS,6,67.6812,TI1362AAA2526,UK,67.68,6,ACCT250027,67.68,1263.38,05AAECK5765H1ZE,12,30049011,1128.02,,150,0,KANHA JI DISTRIBUTORS
करेला-जामुन जूस 500 एमएल,09-05-2026,12,11-06-2025,09-05-2025,106.82,106.82,PCS,6,76.9104,TI1362AAA2526,UK,76.9104,6,ABPB250012,76.91,1435.66,05AAECK5765H1ZE,12,30049011,1281.84,,150,0,KANHA JI DISTRIBUTORS
शहद 500 ग्राम,10-11-2026,20,11-06-2025,19-05-2025,135.96,135.96,PCS,2.5,67.98,TI1362AAA2526,UK,67.98,2.5,BCM2500030,67.98,2855.16,05AAECK5765H1ZE,5,4090000,2719.2,,210,0,KANHA JI DISTRIBUTORS
दिव्य अभयारिष्ट 450 एमएल,20-04-2035,20,11-06-2025,20-03-2025,89.7645,89.76,PCS,2.5,44.88225,TI1362AAA2526,UK,44.88,2.5,ABY250012,44.88,1885.05,05AAECK5765H1ZE,5,30049011,1795.28,,145,0,KANHA JI DISTRIBUTORS
गाय का घी 1 लीटर,27-01-2026,15,11-06-2025,02-05-2025,575.88,575.88,PCS,6,518.292,TI1362AAA2526,UK,518.292,6,NAWC250105,518.29,9674.78,05AAECK5765H1ZE,12,4059020,8638.2,,700,0,KANHA JI DISTRIBUTORS
गाय का घी 500 एमएल,03-02-2026,30,11-06-2025,09-05-2025,320.85,320.85,PCS,6,577.53,TI1362AAA2526,UK,577.53,6,NAWD250107,577.53,10780.56,05AAECK5765H1ZE,12,4059020,9625.5,,390,0,KANHA JI DISTRIBUTORS
नारियल तेल 200 एमएल (जार),13-07-2026,36,11-06-2025,13-05-2025,70.92,70.92,PCS,2.5,63.828,TI1362AAA2526,UK,63.828,2.5,AAU2500008,63.83,2680.78,05AAECK5765H1ZE,5,15131900,2553.12,,90,0,KANHA JI DISTRIBUTORS
सेंधा नमक 1 किलो,19-02-2027,25,11-06-2025,01-03-2025,40.36,40.36,PCS,0,0,TI1362AAA2526,UK,0,0,SRS25/03,0,1009,05AAECK5765H1ZE,0,25010010,1009,,60,0,KANHA JI DISTRIBUTORS
हरबो वॉश डिटर्जेंट पाउडर 1 किलो,09-04-2030,25,11-06-2025,10-04-2025,62.47,62.47,PCS,9,140.5575,TI1362AAA2526,UK,140.5575,9,BN52500013,140.56,1842.87,05AAECK5765H1ZE,18,34029011,1561.75,,85,0,KANHA JI DISTRIBUTORS
सुपर डिशवॉश बार 10 रुपये (फ्री 3 नग),25-05-2028,60,11-06-2025,26-05-2025,7.33983333333333,7.34,PCS,9,39.6351,TI1362AAA2526,UK,39.636,9,AAXY250112,39.64,519.67,05AAECK5765H1ZE,18,34011941,440.4,,10,0,KANHA JI DISTRIBUTORS
सुपर डिशवॉश बार 225 ग्राम (ऑफर),26-05-2028,12,11-06-2025,27-05-2025,47.5608333333333,47.56,PCS,9,51.3657,TI1362AAA2526,UK,51.3648,9,AAXW250033,51.36,673.45,05AAECK5765H1ZE,18,34011990,570.72,,72,0,KANHA JI DISTRIBUTORS
दूध बिस्कुट 70 ग्राम,01-12-2025,100,11-06-2025,04-06-2025,7.23,7.23,PCS,9,65.07,TI1362AAA2526,UK,65.07,9,F325/BP1,65.07,853.14,05AAECK5765H1ZE,18,19053100,723,,10,0,KANHA JI DISTRIBUTORS
दूध बिस्कुट 35 ग्राम,04-12-2025,200,11-06-2025,07-06-2025,3.61,3.61,PCS,9,64.98,TI1362AAA2526,UK,64.98,9,FB25/BP1,64.98,851.96,05AAECK5765H1ZE,18,19053100,722,,5,0,KANHA JI DISTRIBUTORS
हर्बल पॉवर्विटा प्लस 500 ग्राम (रीफिल),07-01-2026,24,11-06-2025,12-04-2025,140.590416666667,140.59,PCS,9,303.6753,TI1362AAA2526,UK,303.6744,9,ASZ2500006,303.67,3981.51,05AAECK5765H1ZE,18,19019090,3374.16,,205,0,KANHA JI DISTRIBUTORS
दलिया 500 ग्राम,18-11-2025,30,11-06-2025,22-05-2025,27.719,27.72,PCS,2.5,20.78925,TI1362AAA2526,UK,20.79,2.5,PDCS250135,20.79,873.15,05AAECK5765H1ZE,5,11031900,831.57,,35,0,KANHA JI DISTRIBUTORS
सरसों का तेल 1 लीटर (पाउच),17-05-2026,24,11-06-2025,22-05-2025,151.009583333333,151.01,PCS,2.5,90.60575,TI1362AAA2526,UK,90.606,2.5,N2B2500041,90.61,3805.45,05AAECK5765H1ZE,5,15149920,3624.24,,175,0,KANHA JI DISTRIBUTORS
फोर्टिफाइड सूरजमुखी तेल 1 लीटर (पाउच),06-02-2026,12,11-06-2025,12-05-2025,149.610833333333,149.61,PCS,2.5,44.88325,TI1362AAA2526,UK,44.883,2.5,BR2A250017,44.88,1885.09,05AAECK5765H1ZE,5,15121910,1795.32,,175,0,KANHA JI DISTRIBUTORS
सोयाबीन तेल 1 लीटर (फोर्टिफाइड) (पाउच),22-12-2025,12,11-06-2025,27-03-2025,141.06,141.06,PCS,2.5,42.318,TI1362AAA2526,UK,42.318,2.5,BR2B250006,42.32,1777.36,05AAECK5765H1ZE,5,15079010,1692.72,,165,0,KANHA JI DISTRIBUTORS
सरसों का तेल 5 लीटर (जार),14-05-2026,4,11-06-2025,19-05-2025,791.38,791.38,PCS,2.5,79.138,TI1362AAA2526,UK,79.138,2.5,N3B2500020,79.14,3323.8,05AAECK5765H1ZE,5,15149920,3165.52,,900,0,KANHA JI DISTRIBUTORS
तिल का तेल 1 लीटर (बी),13-02-2026,12,11-06-2025,19-05-2025,200.658333333333,200.66,PCS,2.5,60.1975,TI1362AAA2526,UK,60.198,2.5,JACQ250044,60.2,2528.3,05AAECK5765H1ZE,5,15155091,2407.91,,260,0,KANHA JI DISTRIBUTORS
क्रीमफीस्ट चोको बिस्कुट 32.5 ग्राम,27-11-2025,144,11-06-2025,31-05-2025,3.60993055555556,3.61,PCS,9,46.7847,TI1362AAA2526,UK,46.7856,9,EV25/BP1,46.79,613.41,05AAECK5765H1ZE,18,19053100,519.84,,5,0,KANHA JI DISTRIBUTORS
क्रीमफीस्ट ऑरेंज बिस्कुट 32.5 ग्राम,24-10-2025,144,11-06-2025,27-04-2025,3.60993055555556,3.61,PCS,9,46.7847,TI1362AAA2526,UK,46.7856,9,DT25/BP1,46.79,613.41,05AAECK5765H1ZE,18,19053100,519.84,,5,0,KANHA JI DISTRIBUTORS
स्पेशल च्यवनप्राश 500 ग्राम,21-11-2027,24,11-06-2025,06-12-2024,131.739583333333,131.74,PCS,6,189.705,TI1362AAA2526,UK,189.7056,6,ADA2400010,189.71,3541.17,05AAECK5765H1ZE,12,30049011,3161.76,,185,0,KANHA JI DISTRIBUTORS
केश कांति एडवांस हर्बल एक्सपर्ट शैम्पू 100 एमएल,30-04-2027,36,09-07-2025,30-04-2025,73.37,73.37,PCS,9,237.7188,TI1897AAA2526,UK,237.7188,9,AAWT250005,237.72,3116.76,05AAECK5765H1ZE,18,33051090,2641.32,,120,0,KANHA JI DISTRIBUTORS
गोनाइल फ्लोर क्लीनर 1 लीटर,25-05-2026,24,09-07-2025,25-06-2025,50.3495833333333,50.35,PCS,9,108.7551,TI1897AAA2526,UK,108.756,9,2079/25-26,108.76,1425.91,05AAECK5765H1ZE,18,38084000,1208.4,,70,0,KANHA JI DISTRIBUTORS
आँवला जूस 1 लीटर,17-06-2026,12,09-07-2025,17-06-2025,94.0016666666667,94,PCS,6,67.6812,TI1897AAA2526,UK,67.68,6,ACCT250050,67.68,1263.38,05AAECK5765H1ZE,12,30049011,1128.02,,150,0,KANHA JI DISTRIBUTORS
फोर्टिफाइड सूरजमुखी तेल 1 लीटर (पाउच),16-03-2026,12,09-07-2025,19-06-2025,149.610833333333,149.61,PCS,2.5,44.88325,TI1897AAA2526,UK,44.883,2.5,BR2A250021,44.88,1885.09,05AAECK5765H1ZE,5,15121910,1795.32,,175,0,KANHA JI DISTRIBUTORS
काला चना 1 किलो,04-03-2026,10,09-07-2025,07-06-2025,89.99,89.99,PCS,2.5,22.4975,TI1897AAA2526,UK,22.4975,2.5,BPRKC25011,22.5,944.9,05AAECK5765H1ZE,5,7135000,899.9,,122,0,KANHA JI DISTRIBUTORS
करेला-जामुन जूस 500 एमएल,13-06-2026,24,09-07-2025,13-06-2025,94.0020833333334,94,PCS,6,135.363,TI1897AAA2526,UK,135.36,6,ABPB250014,135.36,2526.77,05AAECK5765H1ZE,12,30049011,2256.04,,150,0,KANHA JI DISTRIBUTORS
सुपर डिशवॉश बार 10 रुपये (फ्री 3 नग),17-06-2028,120,09-07-2025,18-06-2025,7.34,7.34,PCS,9,79.272,TI1897AAA2526,UK,79.272,9,AAXY250129,79.27,1039.34,05AAECK5765H1ZE,18,34011941,880.8,,10,0,KANHA JI DISTRIBUTORS
सुपर डिशवॉश बार 225 ग्राम (ऑफर),15-06-2028,24,09-07-2025,16-06-2025,47.56,47.56,PCS,9,102.7296,TI1897AAA2526,UK,102.7296,9,AAXW250037,102.73,1346.9,05AAECK5765H1ZE,18,34011990,1141.44,,72,0,KANHA JI DISTRIBUTORS
पारम्परिक गेहूँ का आटा 10 किलो (यूके),01-11-2025,5,09-07-2025,04-07-2025,375.85,375.85,PCS,2.5,46.98125,TI1897AAA2526,UK,46.98125,2.5,PDBKP25006,46.98,1973.21,05AAECK5765H1ZE,5,11010000,1879.25,,440,0,KANHA JI DISTRIBUTORS
हवन सामग्री 500 ग्राम,25-11-2026,50,09-07-2025,05-12-2024,79.3702,79.37,PCS,2.5,99.21275,TI1897AAA2526,UK,99.2125,2.5,AAAS240009,99.21,4166.93,05AAECK5765H1ZE,5,33074100,3968.5,,100,0,KANHA JI DISTRIBUTORS
दिव्य मेधा वटी एक्स्ट्रा पावर 120 टैबलेट,18-04-2030,20,09-07-2025,18-05-2025,167.409,167.41,PCS,6,200.8908,TI1896AAA2526,UK,200.892,6,BMDE250070,200.89,3749.96,05AAECK5765H1ZE,12,30049011,3348.18,,250,0,KANHA JI DISTRIBUTORS
दिव्य सितोपलादि चूर्ण 25 ग्राम,24-02-2027,50,09-07-2025,06-03-2025,23.8102,23.81,PCS,2.5,29.76275,TI1896AAA2526,UK,29.7625,2.5,ASPC250006,29.76,1250.03,05AAECK5765H1ZE,5,30049011,1190.5,,30,0,KANHA JI DISTRIBUTORS
खजूर 500 ग्राम,09-12-2025,6,09-07-2025,12-06-2025,255.58,255.58,PCS,6,92.0088,TI1896AAA2526,UK,92.0088,6,AAYC250030,92.01,1717.5,05AAECK5765H1ZE,12,20019000,1533.48,,320,0,KANHA JI DISTRIBUTORS
नीम घन वटी 60 टैबलेट,14-04-2027,24,09-07-2025,14-05-2025,66.8854166666667,66.89,PCS,6,96.315,TI1896AAA2526,UK,96.3216,6,AAK2500027,96.31,1797.87,05AAECK5765H1ZE,12,30049011,1605.24,,100,0,KANHA JI DISTRIBUTORS
दिव्य शुद्धि चूर्ण 100 ग्राम,15-03-2027,25,09-07-2025,15-04-2025,83.71,83.71,PCS,6,125.565,TI1896AAA2526,UK,125.565,6,ADSC250016,125.56,2343.87,05AAECK5765H1ZE,12,30049011,2092.74,,125,0,KANHA JI DISTRIBUTORS
किशमिश 250 ग्राम,08-12-2025,15,09-07-2025,11-06-2025,136.679333333333,136.68,PCS,2.5,51.25475,TI1896AAA2526,UK,51.255,2.5,AARV250019,51.26,2152.71,05AAECK5765H1ZE,5,8062090,2050.2,,160,0,KANHA JI DISTRIBUTORS
दिव्य धारा 10 एमएल,28-03-2028,30,09-07-2025,01-04-2025,30.1313333333333,30.13,PCS,6,54.2364,TI1896AAA2526,UK,54.234,6,ADYD250010,54.24,1012.42,05AAECK5765H1ZE,12,30049011,903.94,,45,0,KANHA JI DISTRIBUTORS
केश कांति एडवांस हेयर एक्सपर्ट ऑयल 30 एमएल,14-05-2027,36,09-07-2025,14-05-2025,59.3,59.3,PCS,9,192.132,TI1896AAA2526,UK,192.132,9,ABHX250004,192.13,2519.06,05AAECK5765H1ZE,18,33059019,2134.8,,100,0,KANHA JI DISTRIBUTORS
केश रीठा हेयर क्लींजर 180 एमएल,18-04-2027,18,09-07-2025,18-04-2025,79.42,79.42,PCS,9,128.6604,TI1896AAA2526,UK,128.6604,9,ABTZ250008,128.66,1686.88,05AAECK5765H1ZE,18,33051090,1429.56,,120,0,KANHA JI DISTRIBUTORS
दिव्य पेय 100 ग्राम,28-03-2027,50,09-07-2025,28-04-2025,53.568,53.57,PCS,2.5,66.96,TI1896AAA2526,UK,66.9625,2.5,ADYP250012,66.96,2812.32,05AAECK5765H1ZE,5,9022090,2678.4,,75,0,KANHA JI DISTRIBUTORS
फास्ट रिलीफ बाम 25 ग्राम,03-06-2028,36,09-07-2025,04-06-2025,39.31,39.31,PCS,6,84.9096,TI1896AAA2526,UK,84.9096,6,AV12500009,84.91,1584.98,05AAECK5765H1ZE,12,30049011,1415.16,,60,0,KANHA JI DISTRIBUTORS
सौन्दर्य एलोवेरा जेल 150 एमएल (ऑफर),21-11-2026,20,09-07-2025,23-05-2025,66.1805,66.18,PCS,9,119.1249,TI1896AAA2526,UK,119.124,9,ACCG250053,119.12,1561.85,05AAECK5765H1ZE,18,33049910,1323.6,,100,0,KANHA JI DISTRIBUTORS
दिव्य मधुनाशिनी वटी एक्स्ट्रा पावर 120 टैबलेट,15-03-2028,20,09-07-2025,15-04-2025,150.667,150.67,PCS,6,180.8004,TI1896AAA2526,UK,180.804,6,BMNE250098,180.8,3374.94,05AAECK5765H1ZE,12,30049011,3013.34,,225,0,KANHA JI DISTRIBUTORS
दिव्य मुक्तावटी एक्स्ट्रा पावर 120 टैबलेट,31-03-2030,20,09-07-2025,01-04-2025,150.667,150.67,PCS,6,180.8004,TI1896AAA2526,UK,180.804,6,AMUE250087,180.8,3374.94,05AAECK5765H1ZE,12,30049011,3013.34,,225,0,KANHA JI DISTRIBUTORS
आस्था भीमसेनी कपूर 200 ग्राम,28-03-2027,2,09-07-2025,28-04-2025,263.06,263.06,PCS,9,47.3508,TI30171AAA2526,UK,47.3508,9,ABEB250004,47.35,620.82,05AELPS3782C1ZD,18,29142922,526.12,,500,0,DEEPAK TRADERS
आस्था भीमसेनी कपूर 25 ग्राम,15-02-2027,24,09-07-2025,25-02-2025,47.8304166666667,47.83,PCS,9,103.3137,TI30171AAA2526,UK,103.3128,9,ABAK250005,103.31,1354.55,05AELPS3782C1ZD,18,29142922,1147.92,,80,0,DEEPAK TRADERS
आस्था कपूर 25 ग्राम,05-10-2034,24,09-07-2025,26-11-2024,30.8495833333333,30.85,PCS,9,66.6351,TI30171AAA2526,UK,66.636,9,A9D2400057,66.64,873.67,05AELPS3782C1ZD,18,29142922,740.4,,60,0,DEEPAK TRADERS
आस्था लम्बी कॉटन बत्ती 25 ग्राम,23-09-2027,12,09-07-2025,08-10-2024,29.03,29.03,PCS,0,0,TI30171AAA2526,UK,0,0,ABRP250001,0,348.36,05AELPS3782C1ZD,0,59080010,348.36,,40,0,DEEPAK TRADERS
आस्था कॉटन बत्ती 25 ग्राम,07-04-2028,40,09-07-2025,07-05-2025,28.96,28.96,PCS,0,0,TI30171AAA2526,UK,0,0,A0M2500015,0,1158.4,05AELPS3782C1ZD,0,33049940,1158.4,,40,0,DEEPAK TRADERS
आस्था स्पेशल व्हाइट सेज धूप 10 नग,09-03-2027,12,09-07-2025,19-03-2025,5.88083333333333,5.88,PCS,2.5,1.76425,TI30171AAA2526,UK,1.764,2.5,ABBD250001,1.76,74.09,05AELPS3782C1ZD,5,33074100,70.56,,10,0,DEEPAK TRADERS
आस्था गुगल धूप 1 नग,11-05-2027,12,09-07-2025,11-06-2025,7.04916666666667,7.05,PCS,2.5,2.11475,TI30171AAA2526,UK,2.115,2.5,ABTA250002,2.12,88.83,05AELPS3782C1ZD,5,33074100,84.6,,20,0,DEEPAK TRADERS
आस्था लोबान धूप 1 नग,17-04-2026,12,09-07-2025,27-04-2024,7.04916666666667,7.05,PCS,2.5,2.11475,TI30171AAA2526,UK,2.115,2.5,ABSZ240008,2.12,88.83,05AELPS3782C1ZD,5,33074100,84.6,,20,0,DEEPAK TRADERS
आस्था प्रीमियम मोगरा धूप 20 नग,01-04-2027,12,09-07-2025,01-05-2025,21.16,21.16,PCS,2.5,6.348,TI30171AAA2526,UK,6.348,2.5,AAWI250010,6.35,266.62,05AELPS3782C1ZD,5,33074100,253.92,,35,0,DEEPAK TRADERS
आस्था प्रीमियम रोज धूप 20 नग,30-04-2027,12,09-07-2025,30-05-2025,21.16,21.16,PCS,2.5,6.348,TI30171AAA2526,UK,6.348,2.5,AAWJ250015,6.35,266.62,05AELPS3782C1ZD,5,33074100,253.92,,35,0,DEEPAK TRADERS
आस्था प्रीमियम डिलक्स धूप 20 नग,31-03-2027,12,09-07-2025,30-04-2025,21.16,21.16,PCS,2.5,6.348,TI30171AAA2526,UK,6.348,2.5,AAWF250005,6.35,266.62,05AELPS3782C1ZD,5,33074100,253.92,,35,0,DEEPAK TRADERS
आस्था प्रीमियम चंदन धूप 20 नग,31-03-2027,12,09-07-2025,30-04-2025,21.16,21.16,PCS,2.5,6.348,TI30171AAA2526,UK,6.348,2.5,AAWE250017,6.35,266.62,05AELPS3782C1ZD,5,33074100,253.92,,35,0,DEEPAK TRADERS
आस्था प्रीमियम लोबान धूप 20 नग,19-05-2027,12,09-07-2025,19-06-2025,21.16,21.16,PCS,2.5,6.348,TI30171AAA2526,UK,6.348,2.5,AAWH250013,6.35,266.62,05AELPS3782C1ZD,5,33074100,253.92,,35,0,DEEPAK TRADERS
आस्था प्रीमियम गुगल धूप 20 नग,24-05-2027,12,09-07-2025,24-06-2025,21.16,21.16,PCS,2.5,6.348,TI30171AAA2526,UK,6.348,2.5,AAWG250023,6.35,266.62,05AELPS3782C1ZD,5,33074100,253.92,,35,0,DEEPAK TRADERS
आस्था बैकफ्लो धूप कोन बुद्ध 160 ग्राम,31-01-2027,6,09-07-2025,10-02-2025,79.3683333333333,79.37,PCS,2.5,11.90525,TI30171AAA2526,UK,11.9055,2.5,ACAG250003,11.91,500.03,05AELPS3782C1ZD,5,33074100,476.22,,135,0,DEEPAK TRADERS
आस्था बैकफ्लो धूप कोन लोबान 160 ग्राम,09-12-2026,1,09-07-2025,19-12-2024,79.38,79.37,PCS,2.5,1.9845,TI30171AAA2526,UK,1.98425,2.5,ABSY240024,1.98,83.34,05AELPS3782C1ZD,5,33074100,79.37,,135,0,DEEPAK TRADERS
आस्था बैकफ्लो धूप कोन लोबान 160 ग्राम,22-02-2027,5,09-07-2025,04-03-2025,79.37,79.37,PCS,2.5,9.92125,TI30171AAA2526,UK,9.92125,2.5,ABSY250003,9.92,416.69,05AELPS3782C1ZD,5,33074100,396.85,,135,0,DEEPAK TRADERS
आस्था बैकफ्लो धूप कोन गुगल 160 ग्राम,14-03-2027,6,09-07-2025,24-03-2025,79.3683333333333,79.37,PCS,2.5,11.90525,TI30171AAA2526,UK,11.9055,2.5,ABSX250004,11.91,500.03,05AELPS3782C1ZD,5,33074100,476.22,,135,0,DEEPAK TRADERS
आस्था बैकफ्लो धूप कोन वृन्दावन 160 ग्राम,08-02-2027,2,09-07-2025,18-02-2025,79.37,79.37,PCS,2.5,3.9685,TI30171AAA2526,UK,3.9685,2.5,ACBA250008,3.97,166.68,05AELPS3782C1ZD,5,33074100,158.74,,135,0,DEEPAK TRADERS
आस्था बैकफ्लो धूप कोन वृन्दावन 160 ग्राम,08-02-2027,4,09-07-2025,18-02-2025,79.3675,79.37,PCS,2.5,7.93675,TI30171AAA2526,UK,7.937,2.5,ACBA250008,7.94,333.35,05AELPS3782C1ZD,5,33074100,317.48,,135,0,DEEPAK TRADERS
आस्था चंदन ड्राई धूप कोन 20 ग्राम,10-01-2027,12,09-07-2025,20-01-2025,6.71916666666667,6.72,PCS,2.5,2.01575,TI30171AAA2526,UK,2.016,2.5,AAXG250001,2.02,84.67,05AELPS3782C1ZD,5,33074100,80.64,,20,0,DEEPAK TRADERS
आस्था गुगल ड्राई धूप कोन 20 ग्राम,21-11-2026,12,09-07-2025,01-12-2024,6.71916666666667,6.72,PCS,2.5,2.01575,TI30171AAA2526,UK,2.016,2.5,AAXH240011,2.02,84.67,05AELPS3782C1ZD,5,33074100,80.64,,20,0,DEEPAK TRADERS
आस्था मस्क कोन धूप 80 ग्राम,02-04-2028,6,09-07-2025,18-04-2025,28.53,28.53,PCS,2.5,4.2795,TI30171AAA2526,UK,4.2795,2.5,ABKA250004,4.28,179.74,05AELPS3782C1ZD,5,33074100,171.18,,55,0,DEEPAK TRADERS
आस्था रजनीगंधा कोन धूप 80 ग्राम,13-01-2028,6,09-07-2025,28-01-2025,28.53,28.53,PCS,2.5,4.2795,TI30171AAA2526,UK,4.2795,2.5,ABJY250001,4.28,179.74,05AELPS3782C1ZD,5,33074100,171.18,,55,0,DEEPAK TRADERS
आस्था चम्पा कोन धूप 200 ग्राम,14-12-2026,1,09-07-2025,24-12-2024,68.54,68.53,PCS,2.5,1.7135,TI30171AAA2526,UK,1.71325,2.5,AAUX240049,1.71,71.96,05AELPS3782C1ZD,5,33074100,68.53,,120,0,DEEPAK TRADERS
आस्था चम्पा कोन धूप 200 ग्राम,31-03-2027,2,09-07-2025,30-04-2025,68.525,68.53,PCS,2.5,3.42625,TI30171AAA2526,UK,3.4265,2.5,AAUX250010,3.43,143.91,05AELPS3782C1ZD,5,33074100,137.06,,120,0,DEEPAK TRADERS
आस्था कस्तूरी कोन धूप 200 ग्राम,31-01-2027,3,09-07-2025,10-02-2025,68.53,68.53,PCS,2.5,5.13975,TI30171AAA2526,UK,5.13975,2.5,ACAH250006,5.14,215.87,05AELPS3782C1ZD,5,33074100,205.59,,120,0,DEEPAK TRADERS
आस्था मोगरा कोन धूप 200 ग्राम,10-05-2027,3,09-07-2025,10-06-2025,68.53,68.53,PCS,2.5,5.13975,TI30171AAA2526,UK,5.13975,2.5,ACAI250012,5.14,215.87,05AELPS3782C1ZD,5,33074100,205.59,,120,0,DEEPAK TRADERS
आस्था बुके कोन धूप 200 ग्राम,07-03-2027,3,09-07-2025,17-03-2025,68.53,68.53,PCS,2.5,5.13975,TI30171AAA2526,UK,5.13975,2.5,AAWA250004,5.14,215.87,05AELPS3782C1ZD,5,33074100,205.59,,120,0,DEEPAK TRADERS
आस्था चंदन कोन धूप 200 ग्राम,23-04-2027,3,09-07-2025,23-05-2025,68.53,68.53,PCS,2.5,5.13975,TI30171AAA2526,UK,5.13975,2.5,AAUZ250016,5.14,215.87,05AELPS3782C1ZD,5,33074100,205.59,,120,0,DEEPAK TRADERS
आस्था रोज कोन धूप 200 ग्राम,19-05-2027,3,09-07-2025,19-06-2025,68.53,68.53,PCS,2.5,5.13975,TI30171AAA2526,UK,5.13975,2.5,AAUY250019,5.14,215.87,05AELPS3782C1ZD,5,33074100,205.59,,120,0,DEEPAK TRADERS
आस्था मस्क मेलन ड्राई धूप स्टिक 200 ग्राम,17-02-2027,3,09-07-2025,27-02-2025,70.55,70.55,PCS,2.5,5.29125,TI30171AAA2526,UK,5.29125,2.5,ACBO250003,5.29,222.23,05AELPS3782C1ZD,5,33074100,211.65,,120,0,DEEPAK TRADERS
आस्था मैरीगोल्ड ड्राई धूप स्टिक 200 ग्राम,28-02-2026,3,09-07-2025,28-02-2025,70.55,70.55,PCS,2.5,5.29125,TI30171AAA2526,UK,5.29125,2.5,ACBN250004,5.29,222.23,05AELPS3782C1ZD,5,33074100,211.65,,120,0,DEEPAK TRADERS
आस्था वैली ऑफ फ्लावर ड्राई धूप स्टिक 200 ग्राम,16-02-2027,3,09-07-2025,26-02-2025,70.55,70.55,PCS,2.5,5.29125,TI30171AAA2526,UK,5.29125,2.5,ACBQ250001,5.29,222.23,05AELPS3782C1ZD,5,33074100,211.65,,120,0,DEEPAK TRADERS
आस्था लैवेंडर ड्राई धूप स्टिक 200 ग्राम,19-04-2027,3,09-07-2025,19-05-2025,70.55,70.55,PCS,2.5,5.29125,TI30171AAA2526,UK,5.29125,2.5,ABHS250013,5.29,222.23,05AELPS3782C1ZD,5,33074100,211.65,,120,0,DEEPAK TRADERS
आस्था रजनीगंधा ड्राई धूप स्टिक 200 ग्राम,08-04-2027,3,09-07-2025,18-04-2025,70.55,70.55,PCS,2.5,5.29125,TI30171AAA2526,UK,5.29125,2.5,ABHR250013,5.29,222.23,05AELPS3782C1ZD,5,33074100,211.65,,120,0,DEEPAK TRADERS
आस्था चंदन ड्राई धूप स्टिक 200 ग्राम,28-03-2027,3,09-07-2025,28-04-2025,70.55,70.55,PCS,2.5,5.29125,TI30171AAA2526,UK,5.29125,2.5,ABHQ250018,5.29,222.23,05AELPS3782C1ZD,5,33074100,211.65,,120,0,DEEPAK TRADERS
आस्था रोज ड्राई धूप स्टिक 200 ग्राम,05-05-2027,6,09-07-2025,05-06-2025,70.5516666666667,70.55,PCS,2.5,10.58275,TI30171AAA2526,UK,10.5825,2.5,ABHP250015,10.58,444.47,05AELPS3782C1ZD,5,33074100,423.3,,120,0,DEEPAK TRADERS
गाय का घी 100 एमएल,01-12-2025,48,09-07-2025,01-04-2025,77.3802083333333,77.38,PCS,6,222.855,TI30171AAA2526,UK,222.8544,6,NBHO250002,222.85,4159.95,05AELPS3782C1ZD,12,4059020,3714.24,,102,0,DEEPAK TRADERS
गाय का घी 200 एमएल,01-02-2026,47,09-07-2025,01-06-2025,134.29,134.29,PCS,6,378.6978,TI30171AAA2526,UK,378.6978,6,NBAI250008,378.7,7069.03,05AELPS3782C1ZD,12,4059020,6311.63,,165,0,DEEPAK TRADERS
आस्था गौमय हवन कुंड (30 नग 12 पीस पैक),31-03-2028,12,09-07-2025,30-04-2025,195.96,195.96,PCS,2.5,58.788,TI30171AAA2526,UK,58.788,2.5,ACBS250007,58.79,2469.1,05AELPS3782C1ZD,5,33074100,2351.52,,300,0,DEEPAK TRADERS
आस्था सरसों तेल 200 एमएल (बी),05-02-2026,12,09-07-2025,10-02-2025,37.1,37.1,PCS,2.5,11.13,TI30171AAA2526,UK,11.13,2.5,NCAD250001,11.13,467.46,05AELPS3782C1ZD,5,15149920,445.2,,43,0,DEEPAK TRADERS
दसांगम 50 ग्राम,18-02-2026,12,09-07-2025,06-03-2023,30.3,30.3,PCS,2.5,9.09,TI30171AAA2526,UK,9.09,2.5,A6Q2300002,9.09,381.78,05AELPS3782C1ZD,5,33074100,363.6,,55,0,DEEPAK TRADERS
आस्था अष्टगंध 25 ग्राम,15-08-2029,24,09-07-2025,10-09-2024,23.3404166666667,23.34,PCS,2.5,14.00425,TI30171AAA2526,UK,14.004,2.5,ABVZ240004,14,588.17,05AELPS3782C1ZD,5,33074900,560.16,,45,0,DEEPAK TRADERS
आस्था चंदन पाउच 20 ग्राम,02-10-2027,60,09-07-2025,17-10-2024,6.17,6.17,PCS,0,0,TI30171AAA2526,UK,0,0,ABVU240009,0,370.2,05AELPS3782C1ZD,0,33049940,370.2,,15,0,DEEPAK TRADERS
आस्था गौमय समिधा 12 नग,01-02-2027,24,09-07-2025,29-03-2025,38.3404166666667,38.34,PCS,2.5,23.00425,TI30171AAA2526,UK,23.004,2.5,GSN2500004,23,966.17,05AELPS3782C1ZD,5,31010091,920.16,,50,0,DEEPAK TRADERS
आस्था घी बत्ती 30 नग,22-04-2027,12,09-07-2025,22-05-2025,62.6308333333333,62.63,PCS,6,45.0942,TI30171AAA2526,UK,45.0936,6,ABLY250005,45.09,841.75,05AELPS3782C1ZD,12,59080010,751.56,,100,0,DEEPAK TRADERS
आस्था पूजा गोपी चंदन 25 ग्राम,17-07-2027,36,09-07-2025,28-01-2025,18.02,18.02,PCS,0,0,TI30171AAA2526,UK,0,0,A8D2500003,0,648.72,05AELPS3782C1ZD,0,33049940,648.72,,25,0,DEEPAK TRADERS
आस्था कलावा 1 नग,16-08-2027,12,09-07-2025,31-08-2024,7.51,7.51,PCS,0,0,TI30171AAA2526,UK,0,0,ABXB240001,0,90.12,05AELPS3782C1ZD,0,52042090,90.12,,15,0,DEEPAK TRADERS
आस्था कलावा 1 नग,19-08-2027,24,09-07-2025,03-09-2024,7.51,7.51,PCS,0,0,TI30171AAA2526,UK,0,0,ABXB240003,0,180.24,05AELPS3782C1ZD,0,52042090,180.24,,15,0,DEEPAK TRADERS
आस्था चंदन तिलक 25 ग्राम,29-10-2027,36,09-07-2025,29-05-2025,18.02,18.02,PCS,0,0,TI30171AAA2526,UK,0,0,A7D2500014,0,648.72,05AELPS3782C1ZD,0,33049940,648.72,,25,0,DEEPAK TRADERS
आस्था रोली 25 ग्राम,30-10-2027,36,09-07-2025,30-05-2025,18.02,18.02,PCS,0,0,TI30171AAA2526,UK,0,0,A6D2500012,0,648.72,05AELPS3782C1ZD,0,33049940,648.72,,25,0,DEEPAK TRADERS
आस्था रोली पाउच 20 ग्राम,18-09-2027,60,09-07-2025,03-10-2024,6.17,6.17,PCS,0,0,TI30171AAA2526,UK,0,0,ABVT240010,0,370.2,05AELPS3782C1ZD,0,33049940,370.2,,15,0,DEEPAK TRADERS
आस्था सम्ब्राणी कप,14-04-2030,20,09-07-2025,14-05-2025,67.1895,67.19,PCS,2.5,33.59475,TI30171AAA2526,UK,33.595,2.5,A5R2500021,33.6,1410.99,05AELPS3782C1ZD,5,33074100,1343.8,,100,0,DEEPAK TRADERS
आस्था सम्ब्राणी स्टिक 72 नग,21-03-2030,4,09-07-2025,21-04-2025,51.99,51.99,PCS,2.5,5.199,TI30171AAA2526,UK,5.199,2.5,ABWA250017,5.2,218.36,05AELPS3782C1ZD,5,33074100,207.96,,80,0,DEEPAK TRADERS
आस्था हवन स्टिक केसर-चंदन 20 नग,13-02-2030,6,09-07-2025,11-03-2025,56.4383333333333,56.44,PCS,2.5,8.46575,TI30171AAA2526,UK,8.466,2.5,ABXL250007,8.47,355.57,05AELPS3782C1ZD,5,33074100,338.64,,80,0,DEEPAK TRADERS
आस्था हवन कप केसर-चंदन,31-03-2028,6,09-07-2025,30-04-2025,70.5516666666667,70.55,PCS,2.5,10.58275,TI30171AAA2526,UK,10.5825,2.5,ABOJ250015,10.58,444.47,05AELPS3782C1ZD,5,33074100,423.3,,120,0,DEEPAK TRADERS
पारम्परिक गेहूँ का आटा 5 किलो (यूके),01-11-2025,8,16-07-2025,04-07-2025,196.47125,196.47,PCS,2.5,39.29425,TI2000AAA2526,UK,39.294,2.5,PDBKQ25006,39.29,1650.35,05AAECK5765H1ZE,5,11010000,1571.76,,230,0,KANHA JI DISTRIBUTORS
दूध बिस्कुट 35 ग्राम,09-01-2026,200,16-07-2025,13-07-2025,3.61,3.61,PCS,9,64.98,TI2000AAA2526,UK,64.98,9,GH25/BP1,64.98,851.96,05AAECK5765H1ZE,18,19053100,722,,5,0,KANHA JI DISTRIBUTORS
दूध बिस्कुट 70 ग्राम,08-01-2026,100,16-07-2025,12-07-2025,7.23,7.23,PCS,9,65.07,TI2000AAA2526,UK,65.07,9,GF25/BP1,65.07,853.14,05AAECK5765H1ZE,18,19053100,723,,10,0,KANHA JI DISTRIBUTORS
आटा नूडल्स देसी मसाला 60 ग्राम,18-03-2026,96,16-07-2025,21-06-2025,8.58,8.58,PCS,6,49.4208,TI2000AAA2526,UK,49.4208,6,DM210625,49.42,922.52,05AAECK5765H1ZE,12,19022090,823.68,,12,0,KANHA JI DISTRIBUTORS
दिव्य अर्जुन क्वाथ 100 ग्राम,15-03-2027,50,16-07-2025,15-04-2025,27.7798,27.78,PCS,2.5,34.72475,TI2000AAA2526,UK,34.725,2.5,AARK250036,34.73,1458.45,05AAECK5765H1ZE,5,30049011,1389,,35,0,KANHA JI DISTRIBUTORS
सेंधा नमक 1 किलो,19-02-2027,25,16-07-2025,01-03-2025,40.36,40.36,PCS,0,0,TI2000AAA2526,UK,0,0,SRS25/03,0,1009,05AAECK5765H1ZE,0,25010010,1009,,60,0,KANHA JI DISTRIBUTORS
मुरमुरा 500 ग्राम,11-06-2026,20,16-07-2025,16-06-2025,51.9495,51.95,PCS,2.5,25.97475,TI2000AAA2526,UK,25.975,2.5,VPRM250025,25.98,1090.95,05AAECK5765H1ZE,5,19041020,1039,,60,0,KANHA JI DISTRIBUTORS
दिव्य अश्वगंधा चूर्ण 100 ग्राम,31-03-2027,25,16-07-2025,01-04-2025,75.0032,75,PCS,2.5,46.877,TI2000AAA2526,UK,46.875,2.5,AAGC250028,46.88,1968.84,05AAECK5765H1ZE,5,30049011,1875.08,,105,0,KANHA JI DISTRIBUTORS
सूजी 500 ग्राम,14-10-2025,28,16-07-2025,16-06-2025,27.9203571428571,27.92,PCS,2.5,19.54425,TI2000AAA2526,UK,19.544,2.5,PDR8250031,19.54,820.85,05AAECK5765H1ZE,5,11010000,781.76,,38,0,KANHA JI DISTRIBUTORS
सूजी 500 ग्राम,18-10-2025,2,16-07-2025,20-06-2025,27.915,27.92,PCS,2.5,1.39575,TI2000AAA2526,UK,1.396,2.5,PDR8250032,1.4,58.63,05AAECK5765H1ZE,5,11010000,55.84,,38,0,KANHA JI DISTRIBUTORS
जायपत्र (A4 75 GSM) – प्रिंट पेपर,27-05-2026,10,16-07-2025,27-06-2025,176.43,176.43,PCS,6,105.858,TI2000AAA2526,UK,105.858,6,2500000038,105.86,1976.02,05AAECK5765H1ZE,12,48201090,1764.3,,350,0,KANHA JI DISTRIBUTORS
स्पेशल च्यवनप्राश 1 किलो,24-11-2027,12,16-07-2025,09-12-2024,217.905833333333,217.91,PCS,6,156.8922,TI2000AAA2526,UK,156.8952,6,ACZ2400023,156.89,2928.65,05AAECK5765H1ZE,12,30049011,2614.87,,360,0,KANHA JI DISTRIBUTORS
आँवला कैंडी 250 ग्राम,05-06-2026,24,16-07-2025,05-06-2025,61.695,61.7,PCS,2.5,37.017,TI2000AAA2526,UK,37.02,2.5,ABLX250045,37.02,1554.72,05AAECK5765H1ZE,5,8112010,1480.68,,90,0,KANHA JI DISTRIBUTORS
ब्राउन बासमती चावल 1 किलो (पाउच),14-05-2027,20,21-08-2025,14-06-2025,93.66,93.66,PCS,2.5,46.83,TI2602AAA2526,UK,46.83,2.5,E7E2500003,46.83,1966.86,05AAECK5765H1ZE,5,10063020,1873.2,,140,0,KANHA JI DISTRIBUTORS
बासमती चावल 1 किलो (सिल्वर),09-04-2027,20,21-08-2025,09-05-2025,77.98,77.98,PCS,2.5,38.99,TI2602AAA2526,UK,38.99,2.5,EKM2500005,38.99,1637.58,05AAECK5765H1ZE,5,10063020,1559.6,,130,0,KANHA JI DISTRIBUTORS
आँवला जूस 1 लीटर,05-07-2026,12,21-08-2025,05-07-2025,94.0016666666667,94,PCS,6,67.6812,TI2602AAA2526,UK,67.68,6,ACCT250076,67.68,1263.38,05AAECK5765H1ZE,12,30049011,1128.02,,150,0,KANHA JI DISTRIBUTORS
सूजी इलायची रस्क 300 ग्राम,04-12-2025,24,21-08-2025,07-07-2025,40.8,40.8,PCS,2.5,24.48,TI2602AAA2526,UK,24.48,2.5,GB25/SGB,24.48,1028.16,05AAECK5765H1ZE,5,19054000,979.2,,50,0,KANHA JI DISTRIBUTORS
मधुरम 1 किलो,08-07-2026,30,21-08-2025,08-07-2025,69.25,69.25,PCS,2.5,51.9375,TI2602AAA2526,UK,51.9375,2.5,AHG2500154,51.94,2181.38,05AAECK5765H1ZE,5,17011410,2077.5,,85,0,KANHA JI DISTRIBUTORS
सरसों का तेल 1 लीटर (बी),06-08-2026,12,21-08-2025,11-08-2025,173.670833333333,173.67,PCS,2.5,52.10125,TI2602AAA2526,UK,52.101,2.5,N1B2500104,52.1,2188.25,05AAECK5765H1ZE,5,15149920,2084.05,,205,0,KANHA JI DISTRIBUTORS
सरसों का तेल 1 लीटर (पाउच),20-07-2026,36,21-08-2025,25-07-2025,165.123333333333,165.12,PCS,2.5,148.611,TI2602AAA2526,UK,148.608,2.5,N2B2500058,148.61,6241.66,05AAECK5765H1ZE,5,15149920,5944.44,,195,0,KANHA JI DISTRIBUTORS
दिव्य अर्जुनारिष्ट 450 एमएल,14-05-2035,20,21-08-2025,14-06-2025,89.7645,92.06,PCS,2.5,44.88225,TI2602AAA2526,UK,46.03,2.5,AJN250021,44.88,1885.05,05AAECK5765H1ZE,5,30049011,1795.28,,145,0,KANHA JI DISTRIBUTORS
गिलोय जूस 500 एमएल,02-07-2026,12,21-08-2025,02-07-2025,57.6808333333333,57.68,PCS,6,41.5302,TI2602AAA2526,UK,41.5296,6,PFY2500012,41.53,775.23,05AAECK5765H1ZE,12,30049011,692.17,,90,0,KANHA JI DISTRIBUTORS
सरसों का तेल 1 लीटर (पाउच),20-07-2026,12,21-08-2025,25-07-2025,165.1225,165.12,PCS,2.5,49.53675,TI2602AAA2526,UK,49.536,2.5,N2B2500058,49.54,2080.55,05AAECK5765H1ZE,5,15149920,1981.48,,195,0,KANHA JI DISTRIBUTORS
सोयाबीन तेल 1 लीटर (फोर्टिफाइड) (पाउच),04-04-2026,12,21-08-2025,08-07-2025,141.06,141.06,PCS,2.5,42.318,TI2602AAA2526,UK,42.318,2.5,BR2B250013,42.32,1777.36,05AAECK5765H1ZE,5,15079010,1692.72,,165,0,KANHA JI DISTRIBUTORS
एलोवेरा फाइबर जूस 1 लीटर,02-03-2026,12,21-08-2025,05-06-2025,137.869166666667,137.87,PCS,6,99.2658,TI2602AAA2526,UK,99.2664,6,ACCR250072,99.27,1852.97,05AAECK5765H1ZE,12,30049011,1654.44,,220,0,KANHA JI DISTRIBUTORS
वर्मिसेली रोस्टेड 400 ग्राम,01-07-2026,45,21-08-2025,06-07-2025,34.7322222222222,34.73,PCS,2.5,39.07375,TI2602AAA2526,UK,39.07125,2.5,BVR4060725,39.07,1641.09,05AAECK5765H1ZE,5,19021900,1562.94,,45,0,KANHA JI DISTRIBUTORS
मखाना 250 ग्राम,21-05-2026,16,21-08-2025,25-07-2025,414.3,414.3,PCS,2.5,165.72,TI2602AAA2526,UK,165.72,2.5,AALI250040,165.72,6960.24,05AAECK5765H1ZE,5,8029000,6628.8,,485,0,KANHA JI DISTRIBUTORS
तिल का तेल 1 लीटर (बी),02-05-2026,24,21-08-2025,05-08-2025,200.658333333333,200.66,PCS,2.5,120.395,TI2602AAA2526,UK,120.396,2.5,JACQ250065,120.4,5056.6,05AAECK5765H1ZE,5,15155091,4815.81,,260,0,KANHA JI DISTRIBUTORS
नवरत्न आटा 2 किलो,08-02-2026,20,21-08-2025,12-08-2025,146.841,146.84,PCS,2.5,73.4205,TI2602AAA2526,UK,73.42,2.5,AHV2500027,73.42,3083.66,05AAECK5765H1ZE,5,11010000,2936.81,,180,0,KANHA JI DISTRIBUTORS
शक्ति राइस एक्सएक्सएल मिनी मोगरा-2 10 किलो,14-08-2026,4,21-08-2025,24-08-2024,355.01,355.01,PCS,2.5,35.501,TI2602AAA2526,UK,35.501,2.5,E6M2400006,35.5,1491.04,05AAECK5765H1ZE,5,10063090,1420.04,,720,0,KANHA JI DISTRIBUTORS
दिव्य गोधान अर्क 450 एमएल,05-06-2026,20,21-08-2025,05-07-2025,40.179,41.07,PCS,6,48.2148,TI2602AAA2526,UK,49.284,6,AGDA250032,48.21,900,05AAECK5765H1ZE,12,30049011,803.57,,60,0,KANHA JI DISTRIBUTORS
क्रीमफीस्ट चोको बिस्कुट 32.5 ग्राम,29-01-2026,144,21-08-2025,02-08-2025,3.60993055555556,3.61,PCS,9,46.7847,TI2602AAA2526,UK,46.7856,9,H225/BP1,46.79,613.41,05AAECK5765H1ZE,18,19053100,519.84,,5,0,KANHA JI DISTRIBUTORS
दंत कांति नैचुरल 200x3 बिग सेवर पैक,14-07-2027,24,21-08-2025,24-07-2025,210.520416666667,217.03,PCS,9,454.7241,TI2602AAA2526,UK,468.7848,9,AAPW250021,454.72,5961.93,05AAECK5765H1ZE,18,33061020,5052.48,,295,0,KANHA JI DISTRIBUTORS
दंत कांति नेचुरल टूथपेस्ट 100 ग्राम,05-07-2027,144,21-08-2025,15-07-2025,45.46,45.46,PCS,9,589.1616,TI2602AAA2526,UK,589.1616,9,AAQA250077,589.16,7724.56,05AAECK5765H1ZE,18,33061020,6546.24,,63,0,KANHA JI DISTRIBUTORS
सब्जी मसाला 100 ग्राम,26-06-2026,30,21-08-2025,26-06-2025,40.0493333333333,40.05,PCS,2.5,30.037,TI2602AAA2526,UK,30.0375,2.5,AFI2500016,30.04,1261.56,05AAECK5765H1ZE,5,9109100,1201.49,,65,0,KANHA JI DISTRIBUTORS
गिलोय जूस 500 एमएल,30-07-2026,12,21-08-2025,30-07-2025,57.6808333333333,57.68,PCS,6,41.5302,TI2602AAA2526,UK,41.5296,6,PFY2500014,41.53,775.23,05AAECK5765H1ZE,12,30049011,692.17,,90,0,KANHA JI DISTRIBUTORS
दिव्य अनुतैल 20 एमएल,10-05-2028,20,21-08-2025,10-06-2025,28.57,29.2,PCS,2.5,14.285,TI2603AAA2526,UK,14.6,2.5,BANT250012,14.29,599.98,05AAECK5765H1ZE,5,30049011,571.41,,40,0,KANHA JI DISTRIBUTORS
गाय का पूरा दूध पाउडर 500 ग्राम,05-12-2025,12,21-08-2025,05-07-2025,190.910833333333,190.91,PCS,2.5,57.27325,TI2603AAA2526,UK,57.273,2.5,BLB2500007,57.27,2405.47,05AAECK5765H1ZE,5,4021090,2290.92,,235,0,KANHA JI DISTRIBUTORS
शतावर चूर्ण 100 ग्राम,03-06-2026,10,21-08-2025,03-07-2025,137.103,140.15,PCS,2.5,34.27575,TI2603AAA2526,UK,35.0375,2.5,ABEE250061,34.28,1439.59,05AAECK5765H1ZE,5,30049011,1371.03,,200,0,KANHA JI DISTRIBUTORS
त्रिफला चूर्ण 100 ग्राम,01-06-2027,25,21-08-2025,01-07-2025,28.57,29.2,PCS,2.5,17.85625,TI2603AAA2526,UK,18.25,2.5,ATPC250076,17.86,749.97,05AAECK5765H1ZE,5,30049011,714.26,,40,0,KANHA JI DISTRIBUTORS
चंद्रप्रभा वटी 40 टैबलेट,21-04-2030,20,21-08-2025,21-05-2025,34.1295,34.13,PCS,2.5,17.06475,TI2603AAA2526,UK,17.065,2.5,BCPV250085,17.07,716.73,05AAECK5765H1ZE,5,30049011,682.6,,43,0,KANHA JI DISTRIBUTORS
त्रिफला गुग्गुल 40 टैबलेट,31-03-2030,20,21-08-2025,30-04-2025,31.7495,31.75,PCS,2.5,15.87475,TI2603AAA2526,UK,15.875,2.5,BTPG250017,15.88,666.75,05AAECK5765H1ZE,5,30049011,635,,40,0,KANHA JI DISTRIBUTORS
दिव्य कंथमृत च्यूएबल 80 नग,15-03-2028,10,21-08-2025,15-04-2025,50.225,51.35,PCS,6,30.135,TI2603AAA2526,UK,30.81,6,ADKT250014,30.14,562.53,05AAECK5765H1ZE,12,30049011,502.26,,75,0,KANHA JI DISTRIBUTORS
दिव्य कंथमृत च्यूएबल 40 नग,21-04-2028,10,21-08-2025,21-05-2025,26.79,27.39,PCS,6,16.074,TI2603AAA2526,UK,16.434,6,ADKT250015,16.07,300.04,05AAECK5765H1ZE,12,30049011,267.89,,40,0,KANHA JI DISTRIBUTORS
ऊर्जा चाय 250 ग्राम (पॉली),17-06-2026,24,21-08-2025,17-06-2025,47.22,47.22,PCS,2.5,28.332,TI2603AAA2526,UK,28.332,2.5,BBNC250014,28.33,1189.94,05AAECK5765H1ZE,5,9024090,1133.28,,60,0,KANHA JI DISTRIBUTORS
दिव्य आँवला चूर्ण 100 ग्राम,21-06-2027,25,21-08-2025,21-07-2025,35.71,35.71,PCS,2.5,22.31875,TI2603AAA2526,UK,22.31875,2.5,BAMC250036,22.32,937.39,05AAECK5765H1ZE,5,30049011,892.75,,45,0,KANHA JI DISTRIBUTORS
एडवांस दंत कांति मंजन 100 ग्राम,26-01-2027,10,21-08-2025,04-08-2025,85.459,85.46,PCS,6,51.2754,TI2603AAA2526,UK,51.276,6,AMC2500014,51.28,957.15,05AAECK5765H1ZE,12,33061010,854.6,,110,0,KANHA JI DISTRIBUTORS
दिव्य नारी कांति 60 टैबलेट (3x20),19-04-2028,20,21-08-2025,19-05-2025,223.21,223.21,PCS,6,267.852,TI2603AAA2526,UK,267.852,6,BDNK250005,267.85,4999.9,05AAECK5765H1ZE,12,30049011,4464.2,,300,0,KANHA JI DISTRIBUTORS
दिव्य रेनोगृत 60 टैबलेट (3x20),10-05-2028,20,21-08-2025,10-06-2025,189.7295,189.73,PCS,6,227.6754,TI2603AAA2526,UK,227.676,6,BDRT250013,227.68,4249.95,05AAECK5765H1ZE,12,30049011,3794.6,,255,0,KANHA JI DISTRIBUTORS
आँवला मुरब्बा 1 किलो,07-07-2026,3,21-08-2025,07-07-2025,142.416666666667,142.42,PCS,6,25.635,TI2603AAA2526,UK,25.6356,6,ADR2500034,25.64,478.53,05AAECK5765H1ZE,12,20079990,427.26,,200,0,KANHA JI DISTRIBUTORS
महावात विध्वंसन रस 5 ग्राम,10-05-2031,25,21-08-2025,01-07-2021,27.7804,27.78,PCS,2.5,17.36275,TI2603AAA2526,UK,17.3625,2.5,BMVR210003,17.36,729.23,05AAECK5765H1ZE,5,30049011,694.5,,35,0,KANHA JI DISTRIBUTORS
दिव्य गोखुरु काढ़ा 100 ग्राम (जार),05-06-2027,20,21-08-2025,05-07-2025,59.5205,59.52,PCS,6,71.4246,TI2603AAA2526,UK,71.424,6,AGKK250025,71.42,1333.25,05AAECK5765H1ZE,12,30049011,1190.4,,80,0,KANHA JI DISTRIBUTORS
दृष्टि आई ड्रॉप 10 एमएल,02-06-2026,40,21-08-2025,02-07-2025,14.23975,14.24,PCS,6,34.1754,TI2603AAA2526,UK,34.176,6,AAST250034,34.18,637.95,05AAECK5765H1ZE,12,30049011,569.6,,20,0,KANHA JI DISTRIBUTORS
बादाम पाक 500 ग्राम,15-06-2027,6,21-08-2025,25-06-2025,195.83,195.83,PCS,6,70.4988,TI2603AAA2526,UK,70.4988,6,ACY2500007,70.5,1315.98,05AAECK5765H1ZE,12,30049011,1174.98,,275,0,KANHA JI DISTRIBUTORS
बादाम 250 ग्राम,08-01-2026,5,21-08-2025,12-07-2025,291.518,291.52,PCS,6,87.4554,TI2603AAA2526,UK,87.456,6,AART250025,87.46,1632.51,05AAECK5765H1ZE,12,8021100,1457.6,,365,0,KANHA JI DISTRIBUTORS
काजू 250 ग्राम,04-01-2026,2,21-08-2025,08-07-2025,311.79,311.79,PCS,2.5,15.5895,TI2603AAA2526,UK,15.5895,2.5,AARW250018,15.59,654.76,05AAECK5765H1ZE,5,8013220,623.58,,365,0,KANHA JI DISTRIBUTORS
दिव्य इम्यूनोगृत गोल्ड कैप्सूल 30 नग,01-07-2028,5,21-08-2025,01-08-2025,803.57,803.57,PCS,6,241.071,TI2603AAA2526,UK,241.071,6,ADGG250004,241.07,4499.99,05AAECK5765H1ZE,12,30049011,4017.85,,1080,0,KANHA JI DISTRIBUTORS
दिव्य थाइरोगृत 60 टैबलेट,20-05-2028,10,21-08-2025,20-06-2025,200.892,205.35,PCS,6,120.5352,TI2603AAA2526,UK,123.21,6,BTGT250014,120.54,2250,05AAECK5765H1ZE,12,30049011,2008.93,,300,0,KANHA JI DISTRIBUTORS
दिव्य पीड़ानिल गोल्ड टैबलेट (100 पीस),01-07-2028,10,21-08-2025,02-08-2025,321.428,328.57,PCS,6,192.8568,TI2603AAA2526,UK,197.142,6,APGT250027,192.86,3600,05AAECK5765H1ZE,12,30049011,3214.29,,480,0,KANHA JI DISTRIBUTORS
दिव्य शिलाजीत सत्व 20 ग्राम,31-05-2030,10,21-08-2025,30-06-2025,103.171,103.17,PCS,2.5,25.79275,TI2603AAA2526,UK,25.7925,2.5,BSHS250005,25.79,1083.29,05AAECK5765H1ZE,5,30049011,1031.7,,130,0,KANHA JI DISTRIBUTORS
आस्था भीमसेनी कपूर 200 ग्राम,28-03-2027,5,03-08-2025,28-04-2025,263.058,263.06,PCS,9,118.3761,TI30219AAA2526,UK,118.377,9,ABEB250004,118.38,1552.05,05AELPS3782C1ZD,18,29142922,1315.3,,500,0,DEEPAK TRADERS
आस्था गंगाजल 100 एमएल,02-01-2030,7,03-08-2025,28-01-2025,0,0,PCS,9,0,TI30219AAA2526,UK,0,9,ABEQ250001,0,0,05AELPS3782C1ZD,18,22019090,0,,0,0,DEEPAK TRADERS
