original,Very_Short_english_suggestions,final_hindi_name,very_short_simple_hindi_suggestion
AASTHA ASHTAGANDHA -25 GM,ashtagandha,आस्था अष्टगंध 25 ग्राम,अष्टगंध
AASTHA BACKFLOW DHOOP CONE BUDHA-160 GM,buddha dhoop,आस्था बैकफ्लो धूप कोन बुद्ध 160 ग्राम,बुद्ध धूप
AASTHA BACKFLOW DHOOP CONE GUGAL-160 GM,gugal dhoop,आस्था बैकफ्लो धूप कोन गुगल 160 ग्राम,गुगल धूप
AASTHA BACKFLOW DHOOP CONE LOBAN-160 GM,loban dhoop,आस्था बैकफ्लो धूप कोन लोबान 160 ग्राम,लोबान धूप
AASTHA BACKFLOW DHOOPCONE VRINDAVAN-160G,vrindavan dhoop,आस्था बैकफ्लो धूप कोन वृन्दावन 160 ग्राम,वृन्दावन धूप
AASTHA BHIMSENI KAPOOR 25 G,bhimseni kapoor,आस्था भीमसेनी कपूर 25 ग्राम,भीमसेनी कपूर
AASTHA BHIMSENI KAPOOR-200G FREEGANGAJAL,bhimseni kapoor,आस्था भीमसेनी कपूर 200 ग्राम,भीमसेनी कपूर
AASTHA BOUQUET CONE DHOOP - 200 GM,bouquet dhoop,आस्था बुके कोन धूप 200 ग्राम,बुके धूप
AASTHA CAMPHOR 25 GM,camphor,आस्था कपूर 25 ग्राम,कपूर
AASTHA CHAMPA CONE DHOOP - 200 GM,champa dhoop,आस्था चम्पा कोन धूप 200 ग्राम,चम्पा धूप
AASTHA CHANDAN (POUCH)-20G,chandan pouch,आस्था चंदन पाउच 20 ग्राम,चंदन पाउच
AASTHA CHANDAN TIKA  25 GM,chandan tika,आस्था चंदन तिलक 25 ग्राम,चंदन तिलक
AASTHA COTTON WICKS PLAIN 25 GM,cotton wicks plain,आस्था कॉटन बत्ती 25 ग्राम,कॉटन बत्ती
AASTHA GANGAJAL -100 ML,gangajal,आस्था गंगाजल 100 एमएल,गंगाजल
AASTHA GAUMAYA HAWAN KUND -30 N (12PC),gaumaya hawan kund,आस्था गौमय हवन कुंड (30 नग 12 पीस पैक),गौमय हवन
AASTHA GAUMAYA SAMIDHA 12N -T,gaumaya samidha,आस्था गौमय समिधा 12 नग,गौमय समिधा
AASTHA GHEE BATTI - 30N,ghee batti,आस्था घी बत्ती 30 नग,घी बत्ती
AASTHA GUGAL DHOOP -1N,gugal dhoop,आस्था गुगल धूप 1 नग,गुगल धूप
AASTHA GUGAL DRY DHOOP CONE - 20 GM,gugal dhoop,आस्था गुगल ड्राई धूप कोन 20 ग्राम,गुगल धूप
AASTHA HAWAN CUP SAFFRON SANDAL,hawan cup,आस्था हवन कप केसर-चंदन,हवन कप
AASTHA HAWAN STICK SAFFRON SANDAL-20N,hawan stick,आस्था हवन स्टिक केसर-चंदन 20 नग,हवन स्टिक
AASTHA KALAWA -1N,kalawa,आस्था कलावा 1 नग,कलावा
AASTHA KASTURI CONE DHOOP - 200 GM,kasturi dhoop,आस्था कस्तूरी कोन धूप 200 ग्राम,कस्तूरी धूप
AASTHA LAVENDER DRY DHOOP STICK- 200 G,lavender dhoop,आस्था लैवेंडर ड्राई धूप स्टिक 200 ग्राम,लैवेंडर धूप
AASTHA LOBAN DHOOP -1N,loban dhoop,आस्था लोबान धूप 1 नग,लोबान धूप
AASTHA LONG COTTONWICK -30 GM,long cotton wick,आस्था लम्बी कॉटन बत्ती 25 ग्राम,लम्बी कॉटन
AASTHA MARIGOLD DRY DHOOP STICK-200G,marigold dhoop,आस्था मैरीगोल्ड ड्राई धूप स्टिक 200 ग्राम,मैरीगोल्ड धूप
AASTHA MOGRA CONE DHOOP - 200 GM,mogra dhoop,आस्था मोगरा कोन धूप 200 ग्राम,मोगरा धूप
AASTHA MUSK CONE DHOOP - 80 GM,musk dhoop,आस्था मस्क कोन धूप 80 ग्राम,मस्क धूप
AASTHA MUSK MELON DRY DHOOP STICK-200G,musk dhoop,आस्था मस्क मेलन ड्राई धूप स्टिक 200 ग्राम,मस्क धूप
AASTHA MUSTARD OIL 200 ML (B)-T,mustard oil,आस्था सरसों तेल 200 एमएल (बी),सरसों तेल
AASTHA POOJA GOPI CHANDAN 25 GM,gopi chandan,आस्था पूजा गोपी चंदन 25 ग्राम,गोपी चंदन
AASTHA PREMIUM DELUXE DHOOP - 20 N,deluxe dhoop,आस्था प्रीमियम डिलक्स धूप 20 नग,डिलक्स धूप
AASTHA PREMIUM GUGAL DHOOP - 20 N,gugal dhoop,आस्था प्रीमियम गुगल धूप 20 नग,गुगल धूप
AASTHA PREMIUM LOBAN DHOOP - 20 N,loban dhoop,आस्था प्रीमियम लोबान धूप 20 नग,लोबान धूप
AASTHA PREMIUM MOGRA DHOOP - 20 N,mogra dhoop,आस्था प्रीमियम मोगरा धूप 20 नग,मोगरा धूप
AASTHA PREMIUM ROSE DHOOP - 20 N,rose dhoop,आस्था प्रीमियम रोज धूप 20 नग,रोज धूप
AASTHA PREMIUM SANDAL DHOOP - 20 N,sandal dhoop,आस्था प्रीमियम चंदन धूप 20 नग,चंदन धूप
AASTHA RAJNIGANDHA CONE DHOOP - 80 GM,rajnigandha dhoop,आस्था रजनीगंधा कोन धूप 80 ग्राम,रजनीगंधा धूप
AASTHA RAJNIGANDHA DRY DHOOP STICK-200 G,rajnigandha dhoop,आस्था रजनीगंधा ड्राई धूप स्टिक 200 ग्राम,रजनीगंधा धूप
AASTHA ROLI (POUCH)-20G,roli pouch,आस्था रोली पाउच 20 ग्राम,रोली पाउच
AASTHA ROLI 25 GM,roli,आस्था रोली 25 ग्राम,रोली
AASTHA ROSE CONE DHOOP - 200 GM,rose dhoop,आस्था रोज कोन धूप 200 ग्राम,रोज धूप
AASTHA ROSE DRY DHOOP STICK-200 G,rose dhoop,आस्था रोज ड्राई धूप स्टिक 200 ग्राम,रोज धूप
AASTHA SAMBRANI CUP,sambrani cup,आस्था सम्ब्राणी कप,सम्ब्राणी
AASTHA SAMBRANI STICK (72 PC),sambrani stick,आस्था सम्ब्राणी स्टिक 72 नग,सम्ब्राणी स्टिक
AASTHA SANDAL CONE DHOOP - 200 GM,sandal dhoop,आस्था चंदन कोन धूप 200 ग्राम,चंदन धूप
AASTHA SANDAL DRY DHOOP CONE - 20 GM,sandal dhoop,आस्था चंदन ड्राई धूप कोन 20 ग्राम,चंदन धूप
AASTHA SANDAL DRY DHOOP STICK-200 G,sandal dhoop,आस्था चंदन ड्राई धूप स्टिक 200 ग्राम,चंदन धूप
AASTHA SPECIAL WHITESAGE DHOOP-10 N,sage dhoop,आस्था स्पेशल व्हाइट सेज धूप 10 नग,व्हाइट सेज धूप
AASTHA VALLEYOFFLOWER DRY DHOOP STK-200G,dhoop,आस्था वैली ऑफ फ्लावर ड्राई धूप स्टिक 200 ग्राम,वैली ऑफ फ्लावर धूप
ADVANCE DANT KANTI MANJAN - 100 GM,manjan,एडवांस दंत कांति मंजन 100 ग्राम,मंजन
ALMOND (BADAM) 250 GM (MONO),almond,बादाम 250 ग्राम,बादाम
ALOEVERA GEL FACE WASH 60 ML,face wash,एलोवेरा जेल फेसवॉश 60 एमएल,एलोवेरा जेल फेसवॉश
ALOEVERA JUICE 1 L (FIBRE),aloevera juice,एलोवेरा फाइबर जूस 1 लीटर,एलोवेरा जूस
ALOEVERA JUICE WITH FIBER 1 L (NEW),aloevera juice,एलोवेरा फाइबर जूस 1 लीटर,एलोवेरा जूस
ALOEVERA KANTI BODY CLEANSER-(4X1) 75 GM,body cleanser,एलोवेरा कांति बॉडी क्लींजर 75 ग्राम (4x1),बॉडी क्लींजर
ALOEVERA MIXED FRUIT JAM 500 G,jam aloe vera,एलोवेरा मिक्स्ड फ्रूट जैम 500 ग्राम,एलोवेरा मिक्स्ड जैम
AMLA CANDY 250 G,amla candy,आँवला कैंडी 250 ग्राम,आँवला कैंडी
AMLA CHATPATA CANDY 250 G,amla chatpata candy,आँवला चटपटा कैंडी 250 ग्राम,आँवला चटपटा कैंडी
AMLA JUICE 1 L,amla juice,आँवला जूस 1 लीटर,आँवला जूस
AMLA JUICE 1 L (NEW),amla juice,आँवला जूस 1 लीटर,आँवला जूस
AMLA MURABBA 1 KG,amla murabba,आँवला मुरब्बा 1 किलो,आँवला मुरब्बा
AMLA PICKLE 1 KG,amla pickle,आँवला अचार 1 किलो,आँवला अचार
ANTI WRINKLE CREAM 50 G,anti wrinkle cream,एंटी रिंकल क्रीम 50 ग्राम,एंटी रिंकल
APPLE VINEGAR WITH HALDI & GINGER 500 ML,apple vinegar ginger,सेब सिरका हल्दी-अदरक 500 एमएल,सेब सिरका
Arogyavardhani Vati 80 Tab,arogyavardhani vati,आरोग्यवर्धिनी वटी 80 टैबलेट,आरोग्यवर्धिनी वटी
ASHVAGANDHA -11 GM (STRIP),ashwagandha strip,अश्वगंधा 11 ग्राम (स्ट्रिप),अश्वगंधा
ASHVASHILA -11 GM (STRIP),ashvashila strip,अश्वशिला 11 ग्राम (स्ट्रिप),अश्वशिला
ATTA DOODH RUSK 300 GM - T,atta doodh rusk,आटा दूध रस्क 300 ग्राम,आटा दूध रस्क
ATTA NOODLES CHATPATA FAMILY PACK 240 GM,noodles atta,आटा नूडल्स चटपटा फैमिली पैक 240 ग्राम,आटा नूडल्स
ATTA NOODLES DESI MASALA 60 GM (96 PC)-T,noodles atta desi,आटा नूडल्स देसी मसाला 60 ग्राम,आटा नूडल्स
BALM 25 GM (144 PC),balm fast relief,फास्ट रिलीफ बाम 25 ग्राम,बाम
BARLEY DALIA 500 G,barley dalia,जौ का दलिया 500 ग्राम,दलिया
BASMATI RICE 1 KG(SILVER) - (NEW),basmati rice,बासमती चावल 1 किलो (सिल्वर),बासमती चावल
BESAN 500 G,besan,बेसन 500 ग्राम,बेसन
BODY UBTAN 100 G,body ubtan,बॉडी उबटन 100 ग्राम,बॉडी उबटन
BOROSAFE ANTISEPTIC 50 GM CREAM,antiseptic cream,बोरोसेफ एंटिसेप्टिक क्रीम 50 ग्राम,एंटिसेप्टिक क्रीम
BROWN BASMATI RICE POUCH 1 KG,rice brown basmati,ब्राउन बासमती चावल 1 किलो (पाउच),ब्राउन बासमती
BURA 1 KG,bura sugar,बूरा चीनी 1 किलो,बूरा
CASHEW (KAJU) 250 GM (MONO),cashew,काजू 250 ग्राम,काजू
CHANDRAPRABHA VATI - 40 TAB,chandraprabha vati,चंद्रप्रभा वटी 40 टैबलेट,चंद्रप्रभा वटी
COCONUT OIL 200 ML (J),coconut oil,नारियल तेल 200 एमएल (जार),नारियल तेल
COCONUT OIL-100 ML (B),coconut oil,नारियल तेल 100 एमएल (बी),नारियल तेल
CORIANDER POWDER 200 GM,coriander powder,धनिया पाउडर 200 ग्राम,धनिया पाउडर
COWS GHEE 1 L,cows ghee,गाय का घी 1 लीटर,गाय का घी
COWS GHEE 1 L - T,cows ghee,गाय का घी 1 लीटर,गाय का घी
COWS GHEE 500 ML,cows ghee,गाय का घी 500 एमएल,गाय का घी
COWS GHEE 500 ML - T,cows ghee,गाय का घी 500 एमएल,गाय का घी
COWS WHOLE MILK POWDER 500-GM,powder cows whole,गाय का पूरा दूध पाउडर 500 ग्राम,गाय पूरा दूध पाउडर
CREAMFEAST CHOCO BISCUIT 32.5 GM,choco biscuit,क्रीमफीस्ट चोको बिस्कुट 32.5 ग्राम,चोको बिस्कुट
CREAMFEAST ELAICHI BISCUIT 32.5 GM,elaichi biscuit,क्रीमफीस्ट इलायची बिस्कुट 32.5 ग्राम,इलायची बिस्कुट
CREAMFEAST ORANGE BISCUIT 32.5 GM,orange biscuit,क्रीमफीस्ट ऑरेंज बिस्कुट 32.5 ग्राम,ऑरेंज बिस्कुट
CRUNCHY COCONUT COOKIES 70 GM,crunchy coconut,क्रंची कोकोनट कुकीज़ 70 ग्राम,क्रंची कोकोनट
DALIA 500 G,dalia,दलिया 500 ग्राम,दलिया
DANT KANTI DENTAL CREAM (ADV) 2X100-GM,dental cream,दंत कांति डेंटल क्रीम एडवांस 2x100 ग्राम,डेंटल क्रीम
DANT KANTI JUNIOR TP.(STRAWBERY)-80G C.O,junior strawberry toothpaste,दंत कांति जूनियर स्ट्रॉबेरी 80 ग्राम,जूनियर स्ट्रॉबेरी टूथपेस्ट
DANT KANTI NATURAL TOOTHPASTE 100 GM,toothpaste,दंत कांति नेचुरल टूथपेस्ट 100 ग्राम,टूथपेस्ट
DANT KANTI NATURAL(200GX3)BIG SAVER PACK,toothpaste,दंत कांति नैचुरल 200x3 बिग सेवर पैक,टूथपेस्ट
DATES (KHAJUR) 500 GM,dates,खजूर 500 ग्राम,खजूर
DISHWASH BAR-600G (500G+100G)+SCRUB PAD,dishwash bar,डिशवॉश बार 600 ग्राम (स्क्रबर सहित),डिशवॉश बार
DIVYA ABHYARISHTA 450ML,abhyarishta,दिव्य अभयारिष्ट 450 एमएल,अभयारिष्ट
DIVYA AMLA CHURNA - 100 GM,amla churna,दिव्य आँवला चूर्ण 100 ग्राम,आँवला चूर्ण
DIVYA ANU TAILA 20 ML (110 PCS) -T,anu taila,दिव्य अनुतैल 20 एमएल,अनुतैल
DIVYA ANU TAILA 20 ML (120 PCS) -T,anu taila,दिव्य अनुतैल 20 एमएल,अनुतैल
DIVYA ARJUN GHANVATI 3 U X 20 N,arjun ghanvati,दिव्य अर्जुन घनवटी 60 टैबलेट (3x20),अर्जुन घनवटी
DIVYA ARJUN KWATH 100G,arjun kwath,दिव्य अर्जुन क्वाथ 100 ग्राम,अर्जुन क्वाथ
DIVYA ARJUNARISHTA - 450ML,arjunarista,दिव्य अर्जुनारिष्ट 450 एमएल,अर्जुनारिष्ट
DIVYA ARSHKALP VATI - 40 TAB,arshkalp vati,दिव्य अर्शकल्प वटी 40 टैबलेट,अर्शकल्प वटी
DIVYA ARVINDASAVA  - 225ML,arvindasava,दिव्य अरविन्दासव 225 एमएल,अरविन्दासव
DIVYA ASHWAGANDHA CHURNA - 100 GM,ashwagandha churna,दिव्य अश्वगंधा चूर्ण 100 ग्राम,अश्वगंधा चूर्ण
DIVYA ASHWAGANDHARISHTA - 450 ML,ashwagandharishta,दिव्य अश्वगंधारिष्ट 450 एमएल,अश्वगंधारिष्ट
DIVYA BPGRIT 60 N - T,bpgrit,दिव्य बीपीगृत 60 नग,बीपीगृत
DIVYA CYSTOGRIT 3 U X 20 N,cystogrit,दिव्य सिस्टोगृत 60 टैबलेट (3x20),सिस्टोगृत
DIVYA DALCHINI CHURNA -100 GM,dalchini churna,दिव्य दालचीनी चूर्ण 100 ग्राम,दालचीनी चूर्ण
DIVYA DASHMULARISHTA - 450 ML,dashmularishta,दिव्य दशमूलारिष्ट 450 एमएल,दशमूलारिष्ट
DIVYA DHARA 10 ML (800 PC),dhara,दिव्य धारा 10 एमएल,धारा
DIVYA GANDHAK RASAYAN 50 G-T,gandhak rasayan,दिव्य गंधक रसायन 50 ग्राम,गंधक रसायन
DIVYA GODHAN ARK - 450ML,godhan ark,दिव्य गोधान अर्क 450 एमएल,गोधान अर्क
DIVYA GOKHRU KWATH 100 GM (JAR)-T,gokhru kwath,दिव्य गोखुरु काढ़ा 100 ग्राम (जार),गोखुरु काढ़ा
DIVYA GULAB JAL 120 ML - T,gulab jal,दिव्य गुलाब जल 120 एमएल,गुलाब जल
DIVYA IMMUNOGRIT GOLD CAPSULE 30 N - T,immunogrit capsule,दिव्य इम्यूनोगृत गोल्ड कैप्सूल 30 नग,इम्यूनोगृत कैप्सूल
DIVYA KANTHAMRIT CHEWABLE TABLET 40 N -T,kanthamrit tablet,दिव्य कंथमृत च्यूएबल 40 नग,कंथमृत च्यूएबल वटी
DIVYA KANTHAMRIT CHEWABLE TABLET 80 N -T,kanthamrit tablet,दिव्य कंथमृत च्यूएबल 80 नग,कंथमृत च्यूएबल वटी
DIVYA KUTAJGHAN VATI 80 N (500 MG) - T,kutajghan vati,दिव्य कुटजघन वटी 80 टैबलेट (500 मिग्रा),कुटजघन वटी
DIVYA LAVANGADI VATI-  80 TAB,lavangadi vati,दिव्य लवंगादि वटी 80 टैबलेट,लवंगादि वटी
DIVYA LIVAMRIT ADVANCE 60 N - T,livamrit,दिव्य लिवामृत एडवांस 60 नग,लिवामृत
DIVYA LIVOGRIT 60 N - T,livogrit,दिव्य लिवोगृत 60 नग,लिवोगृत
DIVYA MADHUGRIT 60 N - T,madhugrit,दिव्य मधुगृत 60 नग,मधुगृत
DIVYA MADHUNASHNI VATI EX.POWER 30X4 TAB,madhunashni vati,दिव्य मधुनाशिनी वटी एक्स्ट्रा पावर 120 टैबलेट,मधुनाशिनी वटी
DIVYA MAHAMANJISTHADI KW. PRA.- 450ML,mahamanjisthadi kwath,दिव्य महामंजिष्ठादि काढ़ा 450 एमएल,महामंजिष्ठादि काढ़ा
DIVYA MAHASUDARSHAN GHANVATI PLUS 60 TAB,mahasudarshan ghanvati,दिव्य महासुदर्शन घनवटी प्लस 60 टैबलेट,महासुदर्शन घनवटी
DIVYA MEDHA VATI EX.POWER 30X4 TAB,medha vati,दिव्य मेधा वटी एक्स्ट्रा पावर 120 टैबलेट,मेधा वटी
DIVYA MEDOHAR VATI -100 TAB,medohar vati,दिव्य मेदोहर वटी 100 टैबलेट,मेदोहर वटी
DIVYA MUKTA VATI EXTRA POWER 30X4 TAB,mukta vati,दिव्य मुक्तावटी एक्स्ट्रा पावर 120 टैबलेट,मुक्तावटी
DIVYA MULETHI CHURNA 100 GM -T,mulethi churna,दिव्य मुलेठी चूर्ण 100 ग्राम,मुलेठी चूर्ण
DIVYA NARI KANTI 3 U X 20 N-T,nari kanti,दिव्य नारी कांति 60 टैबलेट (3x20),नारी कांति
DIVYA NEUROGRIT GOLD 20 N - T,neurogrit,दिव्य न्यूरोगृत गोल्ड 20 नग,न्यूरोगृत
DIVYA ORTHOGRIT 60 N - T,orthogrit,दिव्य ऑर्थोगृत 60 नग,ऑर्थोगृत
DIVYA PEEDANIL GOLD TABLET (100 PC) - T,peedanil tablet,दिव्य पीड़ानिल गोल्ड टैबलेट (100 पीस),पीड़ानिल वटी
DIVYA PEEDANIL SPRAY 100 ML - T,peedanil spray,दिव्य पीड़ानिल स्प्रे 100 एमएल,पीड़ानिल स्प्रे
DIVYA PEEDANIL TAILA 100 ML-T,peedanil taila,दिव्य पीड़ानिल तैल 100 एमएल,पीड़ानिल तैल
Divya Peedantak Kwath 100 Gm,peedantak kwath,दिव्य पीड़ांतक काढ़ा 100 ग्राम,पीड़ांतक काढ़ा
Divya Peedantak Vati 40 Tab,peedantak vati,दिव्य पीड़ांतक वटी 40 टैबलेट,पीड़ांतक वटी
DIVYA PEY - 100 GM - T,pey,दिव्य पेय 100 ग्राम,पेय
DIVYA PUNARNAVADI MANDOOR - 60 TAB,punarnavadi mandoor,दिव्य पुनर्नवादि मंडूर 60 टैबलेट,पुनर्नवादि मंडूर
Divya Renogrit 3 U X 20 N -T,renogrit,दिव्य रेनोगृत 60 टैबलेट (3x20),रेनोगृत
DIVYA SHILAJEET SAT - 20 G,shilajeet sat,दिव्य शिलाजीत सत्व 20 ग्राम,शिलाजीत सत्व
DIVYA SHUDDHI CHURNA 100 GM - T,shuddhi churna,दिव्य शुद्धि चूर्ण 100 ग्राम,शुद्धि चूर्ण
DIVYA SITOPALADI CHURNA - 25 GM,sitopaladi churna,दिव्य सितोपलादि चूर्ण 25 ग्राम,सितोपलादि चूर्ण
DIVYA SWASARI PRAVAHI - 250 ML - T,swasari pravahi,दिव्य स्वासारी प्रवाही 250 एमएल,स्वासारी प्रवाही
DIVYA THYROGRIT TABLET 60 N - T,thyrogrit tablet,दिव्य थाइरोगृत 60 टैबलेट,थाइरोगृत वटी
DIVYA UTINIL TABLET 3U X 10N -T,utinil tablet,दिव्य उतिनिल टैबलेट 30x10 (या 3x10),उतिनिल वटी
DIVYA WEIGHTGO TABLET 60 N -T,weightgo tablet,दिव्य वेटगो टैबलेट 60 नग,वेटगो वटी
DOODH BISCUIT 35 GM (200 PC),doodh biscuit,दूध बिस्कुट 35 ग्राम,दूध बिस्कुट
DOODH BISCUIT 70 GM (100 PC),doodh biscuit,दूध बिस्कुट 70 ग्राम,दूध बिस्कुट
DRISHTI EYE DROP 10 ML (NEW),drishti eye drop,दृष्टि आई ड्रॉप 10 एमएल,दृष्टि ड्रॉप
EYEGRIT EYE DROP 10 ML,eyegrit eye drop,आईग्रिट आई ड्रॉप 10 एमएल,आईग्रिट ड्रॉप
FENNEL WHOLE 10 GM,fennel whole,सौंफ साबुत 10 ग्राम,सौंफ साबुत
FORTIFIED  SUNFLOWER OIL 1 LTR (P) - T,sunflower oil,फोर्टिफाइड सूरजमुखी तेल 1 लीटर (पाउच),सूरजमुखी तेल
FORTIFIED SOYABEAN OIL 1 LTR (P) - T,soyabean oil,सोयाबीन तेल 1 लीटर (फोर्टिफाइड) (पाउच),सोयाबीन तेल
GASHER CHURAN - 100 GM - T,gasher churna,गैशर चूर्ण 100 ग्राम,गैशर चूर्ण
GILOY GHAN VATI 60 PC (NEW),giloy vati,गिलोय घन वटी 60 नग (नया),गिलोय घन वटी
GONYLE FLOOR CLEANER - 1 LTR,floor cleaner,गोनाइल फ्लोर क्लीनर 1 लीटर,फ्लोर क्लीनर
GONYLE FLOOR CLEANER - 5 LTR,floor cleaner,गोनाइल फ्लोर क्लीनर 5 लीटर,फ्लोर क्लीनर
GREEN FLUSH TOILET CLEANER LOW HCl-500ML,toilet cleaner,ग्रीन फ्लश टॉयलेट क्लीनर 500 एमएल,टॉयलेट क्लीनर 
GROUNDNUT OIL 1 LTR (P),groundnut oil,ग्राउंडनट ऑयल 1 लीटर (पाउच),ग्राउंडनट तेल
GULAB SHARBAT 750 ML,gulab sharbat,गुलाब शरबत 750 एमएल,गुलाब शरबत
GULAB SHARBAT 750 ML,gulab sharbat,गुलाब शरबत 750 एमएल,गुलाब शरबत
GYANPATH OPTICLEAR 75 GSM A4,opticlear 75 gsm,जायपत्र (A4 75 GSM) – प्रिंट पेपर,जायपत्र प्रिंट
HALDI CHANDAN KNTI BODY CLNSR.4x45Gx54U,body cleanser,हल्दी-चंदन कांति बॉडी क्लींजर 4x45 ग्राम,बॉडी क्लींजर
HERBAL FACIAL FOAM 60 GM,facial foam,हर्बल फेशियल फोम 60 ग्राम,फेशियल फोम
HERBAL POWERVITA PLUS - 500 GM REFILL -T,powervita refill,हर्बल पॉवर्विटा प्लस 500 ग्राम (रीफिल),पॉवर्विटा
HERBAL SUHAG TEEKA (NEW),suhag teeka,हर्बल सुहाग टीका (नया),सुहाग टीका
HERBAL SUHAG TEEKA RED,suhag teeka red,हर्बल सुहाग टीका (लाल),सुहाग टीका
HERBAL WASH DETERGENT POWDER 1 KG,wash detergent,हर्बल वॉश डिटर्जेंट पाउडर 1 किलो,वॉश डिटर्जेंट
HERBAL WASH DETERGENT POWDER 1 KG-T,wash detergent,हर्बल वॉश डिटर्जेंट पाउडर 1 किलो,वॉश डिटर्जेंट
HERBO WASH DETERGENT POWDER 1 KG-T,wash detergent,हरबो वॉश डिटर्जेंट पाउडर 1 किलो,वॉश डिटर्जेंट
IODIZED NAMAK 1 KG (NEW) - T,iodized namak,आयोडाइज्ड नमक 1 किलो,नमक
K.K. COLOR DARK BROWN (CREAM & DEV)-T,kk color dark,हेयर कलर डार्क ब्राउन (क्रीम+डेवलपर),कलर डार्क ब्राउन
Kaishore Guggul 40 Tab,kaishore guggul,कैशोर गुग्गुल 40 टैबलेट,कैशोर गुग्गुल
KALA CHANA 1000 GM (R1),kala chana,काला चना 1 किलो,काला चना
KARELA JAMUN 50-50 JUICE - 500 ML,karela-jamun juice,करेला-जामुन जूस 500 एमएल,करेला-जामुन जूस
KESH K. MILK PR. HAIR CLEANSER 180ML T.O,hair cleanser,केश कांति मिल्क प्रोटीन हेयर क्लींजर 180 एमएल,मिल्क प्रोटीन
KESH K. REETHA HAIR CLEANSER 180ML T.O,hair cleanser,केश रीठा हेयर क्लींजर 180 एमएल,केश रीठा
KESH KANTI ADV. H.H. EXPERT SHAMPO-100ML,shampoo,केश कांति एडवांस हर्बल एक्सपर्ट शैम्पू 100 एमएल,एक्सपर्ट शैम्पू
KESH KANTI ADV.H.HAIR EXPERTOIL-30ML T.O,hair oil,केश कांति एडवांस हेयर एक्सपर्ट ऑयल 30 एमएल,हेयर ऑयल
KESH KANTI ADVANCE H.HAIR EXPERTOIL100ML,hair oil,केश कांति एडवांस हेयर एक्सपर्ट ऑयल 100 एमएल,हेयर ऑयल
KESH KANTI ALMOND HAIR OIL-200 ML,hair oil,केश कांति बादाम हेयर ऑयल 200 एमएल,बादाम हेयर ऑयल
KESH KANTI HAIR CLEANSER ALOEVERA 450ML,hair cleanser,केश कांति एलोवेरा हेयर क्लींजर 450 एमएल,हेयर क्लींजर
KESH KANTI HAIR CLEANSER NATURAL  450 ML,hair cleanser,केश कांति हेयर क्लींजर नैचुरल 450 एमएल,हेयर क्लींजर
KESH KANTI HERBAL MEHANDI (NAT. BLACK)-T,mehendi black,केश कांति हर्बल मेहंदी (नेचुरल ब्लैक),मेहंदी
KESH KANTI SARSON AMLA HAIR OIL 175 ML,hair oil,केश कांति सरसों आँवला हेयर ऑयल 175 एमएल,सरसों हेयर ऑयल
KHAND 1 KG,khand,खांड 1 किलो,खांड
Mahavat Vidhvansan Ras 5 Gm,mahavat vidhvansan,महावात विध्वंसन रस 5 ग्राम,महावात विध्वंसन रस
MAKHANA 250 GM,makhana,मखाना 250 ग्राम,मखाना
MAMRA ALMOND PREMIUM 250 GM,mamra almond,मामरा बादाम प्रीमियम 250 ग्राम,बादाम
MARIE BISCUIT 70 GM,marie biscuit,मारी बिस्कुट 70 ग्राम,मारी बिस्कुट
MINT CANDY MENTHOL - T,mint candy menthol,मिंट कैंडी (मेन्थॉल),मिंट कैंडी
MUSTARD OIL 1 L (B)-T,mustard oil,सरसों का तेल 1 लीटर (बी),सरसों तेल
MUSTARD OIL 1 L (P)-T,mustard oil,सरसों का तेल 1 लीटर (पाउच),सरसों तेल
MUSTARD OIL 1 LTR. (P),mustard oil,सरसों का तेल 1 लीटर (पाउच),सरसों तेल
MUSTARD OIL 5 L (J)-T,mustard oil,सरसों का तेल 5 लीटर (जार),सरसों तेल
NARIYAL BISCUIT 68 GM,nariyal biscuit,नारियल बिस्कुट 68 ग्राम,नारियल बिस्कुट
NEEM GHAN VATI 60 TAB,ghan vati,नीम घन वटी 60 टैबलेट,नीम घन वटी
NEEM KANTI BODY CLEANSER-4x45Gx54U,body cleanser,नीम कांति बॉडी क्लींजर 4x45 ग्राम,बॉडी क्लींजर
OATS 500GM  - T,oats,ओट्स 500 ग्राम,ओट्स
OORJA TEA - 250 GM (POLY) - T,oorja tea poly,ऊर्जा चाय 250 ग्राम (पॉली),ऊर्जा चाय
PAT.NUT.VIT.B-COMPLEX-30 CAP,vitamin b complex,विटामिन बी-समूह कैप्सूल 30,विटामिन बी-समूह
POHA 1 KG -T,poha,पोहा 1 किलो,पोहा
PUSHTAHAR DALIA 500 G,pushtahar dalia,पुष्टाहार दलिया 500 ग्राम,दलिया
RAISINS 250 GM (MONO),raisins,किशमिश 250 ग्राम,किशमिश
RAISINS BLACK 250 GM (MONO),raisins black,किशमिश 250 ग्राम (ब्लैक),किशमिश ब्लैक
RICE BRAN OIL 1 LTR (P),rice oil,राइस ब्रान तेल 1 लीटर (पाउच),राइस ब्रान तेल
ROGHAN BADAM SHIRIN - 150 ML - T,roghan badam shirin,रोगन बादाम शीरीन 150 एमएल,रोगन बादाम
ROGHAN BADAM SHIRIN - 60 ML - T,roghan badam shirin,रोगन बादाम शीरीन 60 एमएल,रोगन बादाम
SABUDANA 500 GM,sabudana,साबूदाना 500 ग्राम,साबूदाना
SAUMYA EYE DROP 10 ML,saumya eye drop,सौम्या आई ड्रॉप 10 एमएल,सौम्या ड्रॉप
SAUNDARYA ALOEVERA GEL 150 ML,aloe vera gel,सौन्दर्य एलोवेरा जेल 150 एमएल,एलोवेरा जेल
SAUNDARYA ALOEVERA GEL 150ML C.O.FAG20RS,aloe vera gel,सौन्दर्य एलोवेरा जेल 150 एमएल (ऑफर),एलोवेरा जेल
SAUNDARYA ALOEVERA GEL 60ML T.O. (5+1),aloe vera gel,सौन्दर्य एलोवेरा जेल 60 एमएल,एलोवेरा जेल
SAUNDARYA ALOEVERA GEL K. CHANDAN 150 ML,gel aloe vera,सौन्दर्य एलोवेरा जेल केसर-चंदन 150 एमएल,एलोवेरा जेल
SAUNDARYA ALOEVERA GEL K.CHANDAN 60 ML,gel aloe vera,सौन्दर्य एलोवेरा जेल केसर-चंदन 60 एमएल,एलोवेरा जेल
SENDHA NAMAK 1 KG - T,sendha namak,सेंधा नमक 1 किलो,नमक
SESAME OIL 1 L (B)-T,sesame oil,तिल का तेल 1 लीटर (बी),तिल का तेल
SHAKTI RICE XXL MINI MOGRA-2 10 KG (T),rice mini mogra-2,शक्ति राइस एक्सएक्सएल मिनी मोगरा-2 10 किलो,राइस मिनी मोगरा-2
SHATAVAR CHURNA 100G (Ayu.Medicine),shatavari churna,शतावर चूर्ण 100 ग्राम,शतावर चूर्ण
SHIKAKAI POWDER 100 G,shikakai powder,शिकाकाई पाउडर 100 ग्राम,शिकाकाई पाउडर
SHILAJIT - 11 GM (STRIP),shilajit strip,शिलाजीत 11 ग्राम (स्ट्रिप),शिलाजीत
SOOJI - 500 GM,sooji,सूजी 500 ग्राम,सूजी
SOOJI 1 KG,sooji,सूजी 1 किलो,सूजी
SOYA CHUNKS 220 GM - T,soya chunks,सोया चंक्स 220 ग्राम,सोया चंक्स
SPECIAL CHYAWANPRASH 1 KG,chyawanprash,स्पेशल च्यवनप्राश 1 किलो,च्यवनप्राश
SPECIAL CHYAWANPRASH 500 G,chyawanprash,स्पेशल च्यवनप्राश 500 ग्राम,च्यवनप्राश
SUGAR 5 KG,sugar,चीनी 5 किलो,चीनी
SUJI ELAICHI RUSK 300 GM - T,suji elaichi rusk,सूजी इलायची रस्क 300 ग्राम,सूजी इलायची
SUN SCREEN CREAM SPF30- 50GM,cream sun screen,सनस्क्रीन क्रीम एसपीएफ 30,सनस्क्रीन क्रीम
SUPER DISHWASH BAR-225 G B3G1 FREE,super dishwash bar,सुपर डिशवॉश बार 225 ग्राम (ऑफर),सुपर डिशवॉश
SUPER DISHWASH BAR-RS10/- (T.O. FREE 3N),super dishwash bar,सुपर डिशवॉश बार 10 रुपये (फ्री 3 नग),सुपर डिशवॉश
TANKAN BHASMA 5 Gm,tankan bhasma,टंकन भस्म 5 ग्राम,टंकन भस्म
TEJUS TAILUM 100 ML,tejus tailum,तेजस तैलम 100 एमएल,तेजस तैलम
TOMATO KETCHUP W/O ONION GRLC 950GM(P)-T,tomato ketchup wo,टमाटर केचप बिना प्याज-लहसुन 950 ग्राम (पाउच),टमाटर केचप
TOOTHBRUSH NORMAL HANGER (336 PC) - T,toothbrush normal,टूथब्रश नॉर्मल (हैंगर पैक) 336 नग,टूथब्रश नॉर्मल
TRADITIONAL WHOLE WHEAT ATTA 10 KG,whole wheat atta,पारम्परिक गेहूँ का आटा 10 किलो,गेहूँ का आटा
TRADITIONAL WHOLE WHEAT ATTA 10 KG(UK),whole wheat atta,पारम्परिक गेहूँ का आटा 10 किलो (यूके),गेहूँ का आटा
TRADITIONAL WHOLE WHEAT ATTA 5 KG,whole wheat atta,पारम्परिक गेहूँ का आटा 5 किलो,गेहूँ का आटा
TRADITIONAL WHOLE WHEAT ATTA 5 KG(UK),whole wheat atta,पारम्परिक गेहूँ का आटा 5 किलो (यूके),गेहूँ का आटा
TRADT. W.W CHAKKI ATTA W.BRAN 10 KG_ROI,whole wheat atta,चक्की आटा विथ ब्रान 10 किलो (आरओआई),गेहूँ का आटा
TRADT. W.W CHAKKI ATTA W.BRAN 5 KG_ROI,whole wheat atta,चक्की आटा विथ ब्रान 5 किलो (आरओआई),गेहूँ का आटा
TRIPHALA CHURNA -100GM,triphala churna,त्रिफला चूर्ण 100 ग्राम,त्रिफला चूर्ण
TRIPHALA GUGGUL 40 Tab,triphala guggul,त्रिफला गुग्गुल 40 टैबलेट,त्रिफला गुग्गुल
Triyodashang Guggul 40 Tab,triyodashang guggul,त्रयोदशांग गुग्गुल 40 टैबलेट,त्रयोदशांग गुग्गुल
TURMERIC POWDER 200 GM,turmeric powder,हल्दी पाउडर 200 ग्राम,हल्दी पाउडर
VERMICELLI ROASTED 400 GM - T,vermicelli roasted,वर्मिसेली रोस्टेड 400 ग्राम,वर्मिसेली रोस्टेड
WHITE LILY ADVANCE BEAUTY BAR-75 G,beauty bar,व्हाइट लिली ब्यूटी बार 75 ग्राम,ब्यूटी बार
Yograj Guggul 40 Tab,yograj guggul,योगराज गुग्गुल 40 टैबलेट,योगराज गुग्गुल
