cgst,remarks,igst,sgst,purchasetype,taxable,order_id,display_code,chalanno,GRN No,GRN Date,PO No,PO Date,Supplier Name,Supplier Bill NO,Suplier Bill Date,Bill Amount,Cash Discount,Cash Discount %,Total Discount,Manual Discount,Round Off,Supplier Payable,GRN Amount,Branch Name,Payment Terms,GRN Type,Login ID,qty,GST CESS Amnt,GST Amnt,Supplier Code,Supplier State,Supplier GSTIN
1838.5887831116,pal ak,0,1838.5887831116,Auto,26688.74081466,PO1AAA2526,pal ak,PI1,PI1AAA2526,08/04/2025,PO1AAA2526,,KANHA JI DISTRIBUTORS,TI26AAA2526,03/04/2025,30366,0,0,0,0,0.081619116798,10332535.24,30366,JAYANTI ENTERPRISES,credit,credit,ADMIN,162,,3677.1775662232,100060,5,05AAECK5765H1ZE
850.1804021761,,0,850.1804021761,Auto,24412.467721450004,PO58AAA2425,,PI2,PI2AAA2526,08/04/2025,PO58AAA2425,,KANHA JI DISTRIBUTORS,TI6786AAA2425,26/03/2025,26113,0,0,0,0,0.171474197799,10332535.24,26113,JAYANTI ENTERPRISES,credit,credit,ADMIN,88,,1700.3608043522,100060,5,05AAECK5765H1ZE
490.93850052735,PAL AK,0,490.93850052735,Auto,13592.46351129,,PAL AK,PI3,PI3AAA2526,22/04/2025,,,KANHA JI DISTRIBUTORS,TI284AAA2526,16/04/2025,14574,0,0,0,0,-0.340512344699,10332535.24,14574,JAYANTI ENTERPRISES,credit,credit,ADMIN,9,,981.8770010547,100060,5,05AAECK5765H1ZE
241.9199027456,DIVYA AK,0,241.9199027456,Auto,7110.80254576,PO2AAA2526,DIVYA AK,PI4,PI4AAA2526,22/04/2025,PO2AAA2526,,KANHA JI DISTRIBUTORS,TI285AAA2526,16/04/2025,7595,0,0,0,0,0.357648748801,10332535.24,7595,JAYANTI ENTERPRISES,credit,credit,ADMIN,134,,483.8398054912,100060,5,05AAECK5765H1ZE
1608.335750794,OPEN ITEM AK,0,1608.335750794,Auto,28256.18603175,PO3AAA2526,PEN ITEM AK,PI5,PI5AAA2526,14/05/2025,PO3AAA2526,,KANHA JI DISTRIBUTORS,TI458AAA2526,23/04/2025,31473,0,0,0,0,0.142466661997,10332535.24,31473,JAYANTI ENTERPRISES,credit,credit,ADMIN,424,,3216.671501588,100060,5,05AAECK5765H1ZE
985.0763835331,PAL AK,0,985.0763835331,Auto,22864.62433479,,PAL AK,PI6,PI6AAA2526,14/05/2025,,,KANHA JI DISTRIBUTORS,TI459AAA2526,23/04/2025,24835,0,0,0,0,0.222898143802,10332535.24,24835,JAYANTI ENTERPRISES,credit,credit,ADMIN,15,,1970.1527670662,100060,5,05AAECK5765H1ZE
2348.13006973085,,0,2348.13006973085,Auto,51113.08227942999,PO4AAA2526,,PI7,PI7AAA2526,14/05/2025,PO4AAA2526,,KANHA JI DISTRIBUTORS,TI724AAA2526,08/05/2025,55809,0,0,0,0,-0.342418891705,10332535.24,55809,JAYANTI ENTERPRISES,credit,credit,ADMIN,25,,4696.2601394617,100060,5,05AAECK5765H1ZE
1947.24488505955,,0,1947.24488505955,Auto,35789.384735709995,,,PI8,PI8AAA2526,14/05/2025,,,KANHA JI DISTRIBUTORS,TI725AAA2526,08/05/2025,39684,0,0,0,0,0.125494170905,10332535.24,39684,JAYANTI ENTERPRISES,credit,credit,ADMIN,356,,3894.4897701191,100060,5,05AAECK5765H1ZE
288.6912,PAL AK,0,288.6912,Auto,3207.68,,PAL AK,PI9,PI9AAA2526,14/05/2025,,,KANHA JI DISTRIBUTORS,TI726AAA2526,08/05/2025,3785,0,0,0,0,-0.0624,10332535.24,3785,JAYANTI ENTERPRISES,credit,credit,ADMIN,5,,577.3824,100060,5,05AAECK5765H1ZE
959.5050651121,,0,959.5050651121,Auto,22164.55009468,,,PI10,PI10AAA2526,21/05/2025,,,KANHA JI DISTRIBUTORS,TI846AAA2526,14/05/2025,24084,0,0,0,0,0.4397750958,10332535.24,24084,JAYANTI ENTERPRISES,credit,credit,ADMIN,14,,1919.0101302242,100060,5,05AAECK5765H1ZE
932.7919185674,,0,932.7919185674,Auto,20520.95364279,PO5AAA2526,,PI11,PI11AAA2526,21/05/2025,PO5AAA2526,,KANHA JI DISTRIBUTORS,TI847AAA2526,14/05/2025,22387,0,0,0,0,0.4625200752,10332535.24,22387,JAYANTI ENTERPRISES,credit,credit,ADMIN,268,,1865.5838371348,100060,5,05AAECK5765H1ZE
1294.4464702376,PAL AK,0,1294.4464702376,Auto,22913.03215964,PO6AAA2526,PAL AK,PI12,PI12AAA2526,28/05/2025,PO6AAA2526,,KANHA JI DISTRIBUTORS,TI995AAA2526,22/05/2025,25502,0,0,0,0,0.074899884803,10332535.24,25502,JAYANTI ENTERPRISES,credit,credit,ADMIN,15,,2588.8929404752,100060,5,05AAECK5765H1ZE
570.0514285716,OPEN ITEM AK,0,570.0514285716,Auto,8789.257142859999,,PEN ITEM AK,PI13,PI13AAA2526,28/05/2025,,,KANHA JI DISTRIBUTORS,TI996AAA2526,22/05/2025,9929,0,0,0,0,-0.360000003198,10332535.24,9929,JAYANTI ENTERPRISES,credit,credit,ADMIN,84,,1140.1028571432,100060,5,05AAECK5765H1ZE
1501.33046167865,,0,1501.33046167865,Auto,22664.85366415,PO7AAA2526,,PI14,PI14AAA2526,01/06/2025,PO7AAA2526,,KANHA JI DISTRIBUTORS,TI1121AAA2526,28/05/2025,25668,0,0,0,0,0.4854124927,10332535.24,25668,JAYANTI ENTERPRISES,credit,credit,ADMIN,145,,3002.6609233573,100060,5,05AAECK5765H1ZE
5788.10606998965,,0,5788.10606998965,Auto,112223.25779242,PO9AAA2526,,PI15,PI15AAA2526,07/07/2025,PO9AAA2526,,KANHA JI DISTRIBUTORS,TI1753AAA2526,02/07/2025,123799,0,0,419.770404,419.770404,-0.4699323993,10332535.24,123799,JAYANTI ENTERPRISES,credit,credit,ADMIN,126,,11576.2121399793,100060,5,05AAECK5765H1ZE
1054.7475495978,,0,1054.7475495978,Auto,17552.43582663,,,PI16,PI16AAA2526,07/07/2025,,,KANHA JI DISTRIBUTORS,TI1363AAA2526,11/06/2025,19662,0,0,0,0,0.0690741744,10332535.24,19662,JAYANTI ENTERPRISES,credit,credit,ADMIN,226,,2109.4950991956,100060,5,05AAECK5765H1ZE
2802.86166889365,,0,2802.86166889365,Auto,55515.35395275,PO8AAA2526,,PI17,PI17AAA2526,07/07/2025,PO8AAA2526,,KANHA JI DISTRIBUTORS,TI1362AAA2526,11/06/2025,61121,0,0,0,0,-0.0772905373,10332535.24,61121,JAYANTI ENTERPRISES,credit,credit,ADMIN,25,,5605.7233377873,100060,5,05AAECK5765H1ZE
945.0945906968,,0,945.0945906968,Auto,17798.99567828,,,PI18,PI18AAA2526,15/07/2025,,,KANHA JI DISTRIBUTORS,TI1897AAA2526,09/07/2025,19689,0,0,0,0,-0.1848596736,10332535.24,19689,JAYANTI ENTERPRISES,credit,credit,ADMIN,14,,1890.1891813936,100060,5,05AAECK5765H1ZE
1603.4197485283,,0,1603.4197485283,Auto,27732.49358658,PO11AAA2526,,PI19,PI19AAA2526,15/07/2025,PO11AAA2526,,KANHA JI DISTRIBUTORS,TI1896AAA2526,09/07/2025,30939,0,0,0,0,-0.3330836366,10332535.24,30939,JAYANTI ENTERPRISES,credit,credit,ADMIN,370,,3206.8394970566,100060,5,05AAECK5765H1ZE
1215.2674,,0,1215.2674,Auto,31708.43,PO10AAA2526,,PI20,PI20AAA2526,15/07/2025,PO10AAA2526,,DEEPAK TRADERS,TI30171AAA2526,09/07/2025,34139,0,0,0,0,0.0352,-272070,34139,JAYANTI ENTERPRISES,credit,credit,ADMIN,803,,2430.5348,110997,5,05AELPS3782C1ZD
647.04885446605,,0,647.04885446605,Auto,15849.97022905,PO12AAA2526,,PI21,PI21AAA2526,20/07/2025,PO12AAA2526,,KANHA JI DISTRIBUTORS,TI2000AAA2526,16/07/2025,17144,0,0,0,0,-0.0679379821,10332535.24,17144,JAYANTI ENTERPRISES,credit,credit,ADMIN,65,,1294.0977089321,100060,5,05AAECK5765H1ZE
2352.72712319795,PAL AK,0,2352.72712319795,Auto,55642.30347506,PO13AAA2526,PAL AK,PI22,PI22AAA2526,01/09/2025,PO13AAA2526,,KANHA JI DISTRIBUTORS,TI2602AAA2526,21/08/2025,60348,0,0,189.671928,189.671928,0.242278544101,10332535.24,60348,JAYANTI ENTERPRISES,credit,credit,admin,26,,4705.4542463959,100060,5,05AAECK5765H1ZE
1702.6928273077,DIVYA AK,0,1702.6928273077,Auto,34585.48042563,,DIVYA AK,PI23,PI23AAA2526,01/09/2025,,,KANHA JI DISTRIBUTORS,TI2603AAA2526,21/08/2025,37991,0,0,0,0,0.133919754597,10332535.24,37991,JAYANTI ENTERPRISES,credit,credit,admin,362,,3405.3856546154,100060,5,05AAECK5765H1ZE
118.377,,0,118.377,Auto,1315.3,,,PI24,PI24AAA2526,01/09/2025,,,DEEPAK TRADERS,TI30219AAA2526,03/08/2025,1552,0,0,0,0,-0.054,-272070,1552,JAYANTI ENTERPRISES,credit,credit,admin,12,,236.754,110997,5,05AELPS3782C1ZD
